-0.719317,-0.719317,3.131132
-0.728955,-0.671557,3.173085
-0.721531,-0.607904,3.140770
-0.727791,-0.555872,3.168019
-0.728808,-0.499262,3.172448
-0.712755,-0.432143,3.102570
-0.746287,-0.393710,3.248531
-0.751584,-0.337325,3.271591
-0.727459,-0.269217,3.166573
-0.732904,-0.213523,3.190275
-0.702508,-0.149352,3.057965
-0.734746,-0.098352,3.198296
-0.752033,-0.041451,3.273542
-0.744290,0.017582,3.239839
-0.754557,0.077238,3.284528
-0.738979,0.133831,3.216719
-0.734245,0.190788,3.196112
-0.736857,0.249487,3.207482
-0.744950,0.310885,3.242713
-0.740974,0.367570,3.225405
-0.746141,0.428884,3.247897
-0.742746,0.485416,3.233116
-0.780210,0.571335,3.396196
-0.705702,0.572341,3.071868
-0.714879,0.636073,3.111814
-0.759448,0.735528,3.305819
-0.706641,-0.672722,3.125171
-0.715995,-0.624348,3.166540
-0.713467,-0.565066,3.155360
-0.713108,-0.507733,3.153773
-0.726934,-0.459422,3.214917
-0.721166,-0.398084,3.189409
-0.740058,-0.349307,3.272961
-0.713732,-0.279783,3.156533
-0.716316,-0.223491,3.167961
-0.722920,-0.167717,3.197165
-0.715993,-0.108831,3.166529
-0.702576,-0.050585,3.107193
-0.723259,0.005786,3.198664
-0.731804,0.064399,3.236458
-0.714088,0.119967,3.158104
-0.728229,0.180601,3.220645
-0.726007,0.238130,3.210818
-0.712708,0.290785,3.152001
-0.728743,0.355627,3.222920
-0.732477,0.416047,3.239431
-0.741770,0.480667,3.280532
-0.738237,0.537436,3.264906
-0.685008,0.553487,3.029498
-0.712947,0.633097,3.153058
-0.717391,0.694435,3.172715
-0.703713,-0.692270,3.162825
-0.651134,-0.587609,2.926511
-0.706264,-0.579941,3.174294
-0.676322,-0.500368,3.039718
-0.684592,-0.450829,3.076888
-0.683820,-0.394725,3.073417
-0.697862,-0.346094,3.136529
-0.701050,-0.290679,3.150857
-0.693720,-0.231240,3.117913
-0.699459,-0.176286,3.143708
-0.697243,-0.119042,3.133750
-0.703157,-0.062884,3.160330
-0.720787,-0.005860,3.239564
-0.707774,0.051788,3.181079
-0.702100,0.108454,3.155576
-0.701973,0.165506,3.155005
-0.711745,0.225675,3.198928
-0.696512,0.277472,3.130464
-0.699307,0.335440,3.143023
-0.704641,0.395287,3.166999
-0.728449,0.467865,3.274002
-0.727370,0.526309,3.269155
-0.713155,0.574003,3.205265
-0.745287,0.660457,3.349679
-0.753253,0.728757,3.385484
-0.684045,-0.695351,3.125245
-0.662277,-0.618490,3.025793
-0.672139,-0.572151,3.070849
-0.677229,-0.520515,3.094106
-0.658905,-0.451976,3.010389
-0.670772,-0.404681,3.064604
-0.706224,-0.367703,3.226576
-0.695991,-0.304856,3.179826
-0.678680,-0.241184,3.100734
-0.691793,-0.188671,3.160647
-0.702372,-0.133509,3.208979
-0.700223,-0.075231,3.199158
-0.698440,-0.017317,3.191014
-0.696830,0.040313,3.183660
-0.694026,0.097508,3.170846
-0.687880,0.153494,3.142766
-0.700868,0.214315,3.202109
-0.674399,0.261957,3.081177
-0.689091,0.324613,3.148298
-0.681747,0.377496,3.114749
-0.702935,0.447322,3.211550
-0.737742,0.530443,3.370577
-0.724297,0.580635,3.309149
-0.754573,0.667267,3.447472
-0.739002,0.714572,3.376334
-0.666326,-0.699922,3.095457
-0.665702,-0.643326,3.092559
-0.671701,-0.592677,3.120425
-0.666140,-0.531793,3.094595
-0.648157,-0.462969,3.011052
-0.659871,-0.415885,3.065470
-0.685603,-0.374489,3.185011
-0.684767,-0.316489,3.181127
-0.662208,-0.250415,3.076324
-0.681493,-0.200439,3.165914
-0.705997,-0.148319,3.279751
-0.689682,-0.086935,3.203961
-0.693366,-0.029133,3.221072
-0.683541,0.028720,3.175428
-0.684482,0.086279,3.179804
-0.693486,0.145690,3.221632
-0.689953,0.202927,3.205220
-0.672963,0.254482,3.126288
-0.670961,0.310108,3.116987
-0.680627,0.371771,3.161893
-0.688902,0.434182,3.200333
-0.720175,0.514410,3.345613
-0.715351,0.571078,3.323203
-0.735726,0.649170,3.417860
-0.709315,0.685472,3.295163
-0.659535,-0.715905,3.116283
-0.658977,-0.658977,3.113646
-0.665116,-0.608268,3.142653
-0.666242,-0.552355,3.147976
-0.648630,-0.482315,3.064757
-0.682006,-0.448842,3.222460
-0.674862,-0.386459,3.188702
-0.680684,-0.331615,3.216213
-0.678195,-0.272437,3.204452
-0.678326,-0.214513,3.205071
-0.696045,-0.160626,3.288794
-0.695198,-0.101012,3.284790
-0.684844,-0.040974,3.235870
-0.686783,0.017610,3.245029
-0.685284,0.076143,3.237948
-0.680542,0.133782,3.215541
-0.679379,0.191620,3.210048
-0.687270,0.252586,3.247330
-0.657180,0.297697,3.105154
-0.685013,0.368853,3.236665
-0.663836,0.414188,3.136606
-0.693943,0.492284,3.278860
-0.708539,0.563197,3.347824
-0.690766,0.608110,3.263847
-0.688329,0.664797,3.252336
-0.705345,0.741517,3.332735
-0.648799,-0.671366,3.118871
-0.665129,-0.630427,3.197371
-0.645926,-0.556058,3.105060
-0.640046,-0.495340,3.076792
-0.648161,-0.445258,3.115802
-0.642608,-0.385565,3.089109
-0.655937,-0.336524,3.153184
-0.672271,-0.286446,3.231704
-0.660917,-0.224137,3.177122
-0.681358,-0.171821,3.275386
-0.666403,-0.110101,3.203494
-0.673034,-0.052672,3.235372
-0.663236,0.005767,3.188272
-0.658264,0.062964,3.164371
-0.661661,0.120825,3.180700
-0.666894,0.179772,3.205858
-0.664099,0.236766,3.192421
-0.666305,0.295492,3.203025
-0.661069,0.350654,3.177854
-0.663051,0.409362,3.187380
-0.679219,0.478406,3.265103
-0.694735,0.549747,3.339690
-0.686648,0.603056,3.300815
-0.667797,0.644570,3.210197
-0.684249,0.719949,3.289285
-0.659006,-0.705661,3.224004
-0.650699,-0.639182,3.183366
-0.639800,-0.571857,3.130047
-0.622491,-0.501298,3.045365
-0.633392,-0.454024,3.098696
-0.639244,-0.401649,3.127328
-0.644746,-0.348048,3.154241
-0.672712,-0.303613,3.291060
-0.645700,-0.234280,3.158909
-0.654849,-0.179649,3.203667
-0.640175,-0.118971,3.131881
-0.651862,-0.063456,3.189056
-0.649235,-0.005745,3.176203
-0.659969,0.052564,3.228719
-0.644287,0.108331,3.151997
-0.637027,0.163485,3.116482
-0.643849,0.222213,3.149856
-0.646071,0.280155,3.160724
-0.663768,0.346569,3.247305
-0.643889,0.393171,3.150051
-0.672017,0.469817,3.287658
-0.658512,0.518651,3.221592
-0.669987,0.586980,3.277729
-0.646632,0.623742,3.163469
-0.673295,0.709045,3.293911
-0.626172,-0.693866,3.118572
-0.625928,-0.637206,3.117358
-0.628337,-0.583052,3.129354
-0.623285,-0.522211,3.104191
-0.635491,-0.475187,3.164984
-0.639168,-0.420353,3.183294
-0.652338,-0.370246,3.248887
-0.637726,-0.304500,3.176114
-0.640480,-0.248114,3.189828
-0.643221,-0.191228,3.203482
-0.644147,-0.133472,3.208091
-0.642349,-0.075230,3.199137
-0.638185,-0.017248,3.178400
-0.644993,0.040675,3.212306
-0.634842,0.097228,3.161748
-0.640524,0.155803,3.190049
-0.636644,0.212215,3.170728
-0.650536,0.275452,3.239915
-0.637827,0.327533,3.176616
-0.657718,0.397001,3.275680
-0.652147,0.452390,3.247935
-0.671520,0.526327,3.344422
-0.655598,0.572910,3.265124
-0.665428,0.641449,3.314083
-0.661589,0.697351,3.294961
-0.633511,-0.726504,3.213016
-0.612206,-0.645906,3.104961
-0.636364,-0.613012,3.227485
-0.621021,-0.541257,3.149667
-0.624141,-0.486715,3.165490
-0.615853,-0.423752,3.123457
-0.632850,-0.377388,3.209662
-0.629274,-0.317524,3.191527
-0.615782,-0.254222,3.123096
-0.631402,-0.202744,3.202320
-0.632882,-0.145156,3.209825
-0.637352,-0.087709,3.232497
-0.620020,-0.028441,3.144593
-0.633834,0.029075,3.214652
-0.627261,0.086320,3.181316
-0.614481,0.140936,3.116500
-0.640241,0.205582,3.247145
-0.633083,0.261365,3.210844
-0.626983,0.316368,3.179905
-0.646573,0.385571,3.279262
-0.630424,0.433778,3.197359
-0.656013,0.511570,3.327140
-0.642676,0.560131,3.259498
-0.654297,0.630287,3.318438
-0.643962,0.679409,3.266018
-0.598061,-0.709848,3.089914
-0.600774,-0.656921,3.103931
-0.595811,-0.595811,3.078290
-0.624073,-0.565748,3.224306
-0.592140,-0.481459,3.059323
-0.608465,-0.437867,3.143668
-0.621746,-0.389318,3.212285
-0.618102,-0.329269,3.193457
-0.597783,-0.262578,3.088480
-0.632076,-0.218568,3.265654
-0.626630,-0.158122,3.237518
-0.636802,-0.101174,3.290073
-0.623474,-0.040788,3.221214
-0.606290,0.016999,3.132433
-0.616051,0.074847,3.182863
-0.603708,0.129769,3.119090
-0.627491,0.193525,3.241966
-0.622059,0.249986,3.213902
-0.628573,0.311349,3.247557
-0.640749,0.377263,3.310466
-0.638016,0.435282,3.296345
-0.630110,0.488777,3.255497
-0.635786,0.552599,3.284823
-0.639015,0.615127,3.301509
-0.654489,0.691189,3.381452
-0.618166,0.710602,3.193791
-0.585992,-0.664124,3.085226
-0.584667,-0.606940,3.078253
-0.612438,-0.577441,3.224464
-0.591935,-0.501736,3.116520
-0.602440,-0.453264,3.171825
-0.601451,-0.395239,3.166621
-0.598575,-0.336342,3.151477
-0.601800,-0.280840,3.168455
-0.613709,-0.227949,3.231158
-0.610101,-0.168504,3.212160
-0.609026,-0.110205,3.206501
-0.625522,-0.053616,3.293355
-0.592972,0.005647,3.121976
-0.598837,0.062735,3.152860
-0.596145,0.119229,3.138685
-0.598898,0.176817,3.153178
-0.610999,0.238581,3.216890
-0.610799,0.296674,3.215834
-0.622298,0.361526,3.276379
-0.608478,0.411447,3.203615
-0.619051,0.477553,3.259282
-0.628541,0.544735,3.309246
-0.625515,0.601686,3.293314
-0.645788,0.682690,3.400050
-0.615630,0.709440,3.241272
-0.578545,-0.679650,3.105165
-0.572358,-0.616813,3.071959
-0.598311,-0.586693,3.211255
-0.583359,-0.515395,3.131005
-0.602007,-0.473423,3.231093
-0.597440,-0.411828,3.206581
-0.578499,-0.342606,3.104920
-0.585693,-0.290004,3.143534
-0.602763,-0.239935,3.235152
-0.594071,-0.178798,3.188496
-0.582996,-0.118863,3.129053
-0.613972,-0.065570,3.295311
-0.588767,-0.005716,3.160031
-0.600765,0.052494,3.224426
-0.571840,0.105485,3.069180
-0.595858,0.167766,3.198088
-0.618808,0.234306,3.321265
-0.613442,0.291832,3.292466
-0.614406,0.351942,3.297642
-0.596203,0.399398,3.199939
-0.602306,0.461963,3.232696
-0.630888,0.545136,3.386100
-0.614368,0.590509,3.297433
-0.610771,0.646350,3.278129
-0.633597,0.732019,3.400640
-0.576404,-0.701958,3.154938
-0.565566,-0.632761,3.095612
-0.576497,-0.587913,3.155446
-0.596093,-0.548877,3.262701
-0.583880,-0.479822,3.195855
-0.579422,-0.418790,3.171456
-0.584414,-0.364535,3.198778
-0.575156,-0.301815,3.148107
-0.591283,-0.251734,3.236374
-0.590349,-0.192886,3.231261
-0.584459,-0.133095,3.199025
-0.602393,-0.077536,3.297188
-0.595142,-0.017677,3.257496
-0.576677,0.039968,3.156428
-0.573497,0.096529,3.139025
-0.577043,0.154259,3.158433
-0.603387,0.221043,3.302627
-0.590784,0.274919,3.233644
-0.589165,0.332499,3.224786
-0.584756,0.387908,3.200652
-0.596651,0.454872,3.265756
-0.601477,0.518104,3.292175
-0.611124,0.586921,3.344973
-0.612287,0.648661,3.351341
-0.603920,0.699590,3.305544
-0.566484,-0.715257,3.163277
-0.551473,-0.640600,3.079457
-0.566495,-0.600828,3.163341
-0.584788,-0.561160,3.265487
-0.572055,-0.491159,3.194390
-0.568040,-0.430334,3.171969
-0.577459,-0.379140,3.224564
-0.566821,-0.314901,3.165160
-0.572539,-0.260245,3.197091
-0.586953,-0.207509,3.277580
-0.570259,-0.144005,3.184358
-0.585785,-0.088755,3.271057
-0.586132,-0.029603,3.272995
-0.552081,0.027883,3.082851
-0.564328,0.085504,3.151241
-0.565422,0.142783,3.157349
-0.573906,0.202896,3.204726
-0.568678,0.258490,3.175532
-0.568267,0.315704,3.173233
-0.584834,0.383982,3.265744
-0.579398,0.438938,3.235391
-0.583225,0.500749,3.256763
-0.591153,0.567268,3.301030
-0.603616,0.640199,3.370628
-0.591158,0.686698,3.301057
-0.543372,-0.711425,3.096778
-0.540273,-0.651670,3.079119
-0.566681,-0.625101,3.229621
-0.555674,-0.555674,3.166895
-0.551628,-0.494759,3.143834
-0.543787,-0.431666,3.099147
-0.567949,-0.392295,3.236850
-0.563387,-0.331063,3.210852
-0.553115,-0.268004,3.152310
-0.558901,-0.213189,3.185286
-0.558993,-0.155596,3.185810
-0.581525,-0.101917,3.314219
-0.578740,-0.041765,3.298350
-0.565328,0.017484,3.221911
-0.565342,0.075768,3.221995
-0.562965,0.133486,3.208444
-0.562782,0.191462,3.207401
-0.546804,0.242397,3.116338
-0.568345,0.310539,3.239110
-0.565110,0.367030,3.220669
-0.566576,0.426392,3.229027
-0.559254,0.478537,3.187295
-0.562726,0.539521,3.207086
-0.587798,0.624157,3.349973
-0.597026,0.695505,3.402566
-0.595507,0.755127,3.393907
-0.543472,-0.680771,3.162560
-0.542018,-0.621894,3.154096
-0.539782,-0.562510,3.141088
-0.554370,-0.519357,3.225976
-0.540772,-0.449695,3.146849
-0.550180,-0.399605,3.201596
-0.551903,-0.342761,3.211620
-0.542647,-0.279892,3.157759
-0.546032,-0.224160,3.177453
-0.544297,-0.166154,3.167359
-0.569816,-0.113963,3.315861
-0.562938,-0.053331,3.275835
-0.561304,0.005908,3.266326
-0.558872,0.064711,3.252171
-0.553165,0.122278,3.218961
-0.547290,0.178589,3.184776
-0.548986,0.236931,3.194647
-0.557146,0.299099,3.242130
-0.549691,0.352959,3.198747
-0.552862,0.413192,3.217201
-0.508275,0.433372,2.957743
-0.461003,0.441593,2.682658
-0.554558,0.589582,3.227067
-0.585460,0.684064,3.406892
-0.570510,0.726650,3.319898
-0.526899,-0.685535,3.132054
-0.525638,-0.627375,3.124561
-0.527054,-0.572392,3.132975
-0.547660,-0.535882,3.255465
-0.531388,-0.462822,3.158740
-0.531295,-0.405613,3.158188
-0.536021,-0.351583,3.186277
-0.540597,-0.296457,3.213483
-0.529114,-0.233265,3.145223
-0.533054,-0.177685,3.168645
-0.542146,-0.122420,3.222688
-0.546522,-0.064642,3.248699
-0.550119,-0.005915,3.270085
-0.530307,0.051320,3.152314
-0.541911,0.110713,3.221293
-0.549386,0.171314,3.265723
-0.546218,0.229059,3.246894
-0.548485,0.288987,3.260367
-0.532296,0.337693,3.164135
-0.548563,0.406998,3.260831
-0.484128,0.411248,2.877810
-0.453613,0.434103,2.696421
-0.526930,0.560926,3.132241
-0.572807,0.671355,3.404948
-0.558335,0.714429,3.318923
-0.514312,-0.695169,3.124424
-0.523455,-0.650004,3.179967
-0.525779,-0.595112,3.194087
-0.537349,-0.549159,3.264377
-0.518522,-0.472937,3.150000
-0.522589,-0.419220,3.174708
-0.519125,-0.359394,3.153664
-0.529105,-0.308160,3.214294
-0.537471,-0.253970,3.265114
-0.538119,-0.195142,3.269051
-0.534289,-0.135040,3.245785
-0.539798,-0.077114,3.279254
-0.524620,-0.017295,3.187044
-0.532913,0.040993,3.237426
-0.537020,0.100322,3.262374
-0.519860,0.154244,3.158130
-0.534912,0.217492,3.249571
-0.546648,0.282335,3.320868
-0.522081,0.327018,3.171621
-0.527560,0.388423,3.204906
-0.459635,0.388922,2.792267
-0.440240,0.420889,2.674444
-0.477082,0.508538,2.898256
-0.545257,0.641126,3.312413
-0.548047,0.704632,3.329365
-0.514976,-0.723281,3.198763
-0.507028,-0.655149,3.149396
-0.507171,-0.598347,3.150280
-0.528109,-0.563712,3.280337
-0.513187,-0.490123,3.187652
-0.510001,-0.429776,3.167860
-0.525289,-0.383638,3.262821
-0.523098,-0.323263,3.249208
-0.522765,-0.264320,3.247145
-0.521396,-0.205043,3.238639
-0.524074,-0.147212,3.255275
-0.526590,-0.088751,3.270903
-0.502312,-0.028220,3.120099
-0.521520,0.029299,3.239408
-0.525863,0.088629,3.266385
-0.508810,0.142924,3.160461
-0.523284,0.205786,3.250367
-0.531178,0.268573,3.299402
-0.509919,0.315118,3.167349
-0.479756,0.350384,2.979995
-0.450001,0.379214,2.795170
-0.431037,0.411665,2.677377
-0.459818,0.490817,2.856148
-0.533917,0.629902,3.316411
-0.534112,0.690144,3.317623
-0.493988,-0.721109,3.138933
-0.502097,-0.675235,3.190463
-0.500052,-0.615007,3.177467
-0.509624,-0.568202,3.238292
-0.503911,-0.503911,3.201990
-0.502949,-0.445139,3.195872
-0.502109,-0.386682,3.190536
-0.515694,-0.337868,3.276858
-0.513990,-0.277673,3.266034
-0.517517,-0.220093,3.288441
-0.512500,-0.159052,3.256561
-0.501620,-0.098018,3.187431
-0.507078,-0.040799,3.222112
-0.506541,0.017467,3.218700
-0.514380,0.076861,3.268511
-0.502708,0.132900,3.194345
-0.510643,0.193692,3.244764
-0.519819,0.256922,3.303068
-0.499758,0.304450,3.175596
-0.459100,0.332451,2.917243
-0.420859,0.353135,2.674254
-0.414201,0.395157,2.631944
-0.502784,0.537459,3.194829
-0.524217,0.620624,3.331015
-0.522756,0.678982,3.321733
-0.499744,0.706535,3.175509
-0.473720,-0.663208,3.080974
-0.488491,-0.626417,3.177037
-0.489926,-0.570619,3.186370
-0.476794,-0.499232,3.100968
-0.486865,-0.452498,3.166465
-0.492417,-0.399727,3.202572
-0.498117,-0.345752,3.239642
-0.491346,-0.283247,3.195608
-0.498279,-0.228622,3.240699
-0.495484,-0.169048,3.222522
-0.491275,-0.109814,3.195146
-0.497755,-0.052703,3.237290
-0.493923,0.005811,3.212367
-0.488681,0.063241,3.178276
-0.492325,0.121633,3.201972
-0.502196,0.183154,3.266177
-0.500511,0.241423,3.255217
-0.486756,0.292054,3.165758
-0.438868,0.314952,2.854302
-0.407314,0.340227,2.649082
-0.403314,0.384335,2.623069
-0.501933,0.537363,3.264462
-0.512762,0.609281,3.334890
-0.512452,0.669202,3.332877
-0.513489,0.730967,3.339623
-0.462472,-0.674206,3.080296
-0.474920,-0.635135,3.163208
-0.481160,-0.585508,3.204764
-0.476426,-0.522346,3.173234
-0.471789,-0.460421,3.142351
-0.487481,-0.417001,3.246865
-0.490119,-0.360208,3.264435
-0.480295,-0.295121,3.199002
-0.486962,-0.240548,3.243412
-0.475442,-0.177575,3.166680
-0.478825,-0.121149,3.189214
-0.486137,-0.064428,3.237917
-0.483784,-0.005829,3.222241
-0.486168,0.052717,3.238124
-0.481739,0.110278,3.208624
-0.486529,0.169992,3.240524
-0.487222,0.228936,3.245142
-0.474895,0.280360,3.163039
-0.422443,0.300291,2.813684
-0.397846,0.330740,2.649856
-0.395979,0.376896,2.637421
-0.499917,0.536056,3.329699
-0.517598,0.617376,3.447459
-0.500992,0.657930,3.336861
-0.502033,0.719782,3.343791
-0.456921,-0.693843,3.118468
-0.459748,-0.641377,3.137763
-0.466766,-0.593542,3.185660
-0.454574,-0.521918,3.102446
-0.461340,-0.472731,3.148623
-0.471684,-0.425098,3.219225
-0.478369,-0.372065,3.264848
-0.472510,-0.309173,3.224862
-0.475349,-0.252346,3.244239
-0.477118,-0.194381,3.256310
-0.465742,-0.132248,3.178672
-0.464418,-0.074536,3.169636
-0.471572,-0.017466,3.218458
-0.474727,0.041026,3.239990
-0.469371,0.098510,3.203434
-0.475934,0.158645,3.248230
-0.463926,0.211917,3.166276
-0.454577,0.263767,3.102467
-0.412630,0.290369,2.816181
-0.373999,0.309358,2.552530
-0.464402,0.441469,3.169524
-0.489176,0.525412,3.338609
-0.489737,0.586475,3.342431
-0.484801,0.640416,3.308748
-0.498072,0.719437,3.399318
-0.456515,-0.722334,3.194576
-0.452235,-0.658317,3.164625
-0.454282,-0.603793,3.178951
-0.462080,-0.555666,3.233517
-0.451474,-0.485763,3.159297
-0.451455,-0.428596,3.159163
-0.459529,-0.378094,3.215665
-0.458728,-0.319368,3.210062
-0.461137,-0.262673,3.226915
-0.463147,-0.205192,3.240985
-0.463980,-0.146829,3.246811
-0.467384,-0.088744,3.270635
-0.456137,-0.028869,3.191931
-0.464556,0.029402,3.250839
-0.458063,0.086974,3.205404
-0.463980,0.146829,3.246811
-0.457977,0.202901,3.204803
-0.435317,0.247965,3.046237
-0.390286,0.271718,2.731123
-0.366002,0.301141,2.561189
-0.459670,0.436396,3.216652
-0.477594,0.513867,3.342081
-0.472805,0.568563,3.308569
-0.477703,0.634922,3.342842
-0.476464,0.693587,3.334174
-0.434113,-0.716005,3.116716
-0.432278,-0.656837,3.103537
-0.441961,-0.614153,3.173056
-0.442492,-0.557425,3.176871
-0.444265,-0.501962,3.189601
-0.443785,-0.443785,3.186151
-0.447929,-0.389757,3.215909
-0.452580,-0.335027,3.249300
-0.451064,-0.275325,3.238416
-0.449527,-0.216006,3.227378
-0.443175,-0.155399,3.181776
-0.455607,-0.100589,3.271029
-0.450352,-0.040941,3.233301
-0.455306,0.017739,3.268872
-0.446856,0.075443,3.208202
-0.434988,0.129932,3.122998
-0.448593,0.192254,3.220677
-0.424627,0.237129,3.048608
-0.377079,0.259548,2.707237
-0.367098,0.300353,2.635578
-0.451969,0.428490,3.244911
-0.458981,0.494745,3.295252
-0.458340,0.553580,3.290655
-0.466135,0.623531,3.346617
-0.467799,0.686510,3.358561
-0.464996,0.742785,3.338437
-0.423950,-0.672668,3.124917
-0.442959,-0.643767,3.265028
-0.432394,-0.570760,3.187155
-0.429290,-0.509424,3.164276
-0.432252,-0.455306,3.186111
-0.434118,-0.399389,3.199866
-0.439284,-0.345570,3.237943
-0.439427,-0.287092,3.238994
-0.438694,-0.228121,3.233593
-0.437942,-0.169338,3.228054
-0.433113,-0.109722,3.192458
-0.438846,-0.052662,3.234713
-0.441487,0.005886,3.254180
-0.445094,0.065280,3.280764
-0.429860,0.120361,3.168477
-0.446952,0.184740,3.294464
-0.419556,0.229357,3.092525
-0.367584,0.249957,2.709444
-0.368887,0.300028,2.719052
-0.451508,0.427427,3.328043
-0.449818,0.485803,3.315586
-0.445933,0.541065,3.286951
-0.449686,0.605577,3.314613
-0.447607,0.662458,3.299288
-0.453468,0.731595,3.342492
-0.417916,-0.692710,3.164836
-0.430228,-0.654182,3.258069
-0.419380,-0.580238,3.175921
-0.415553,-0.518018,3.146939
-0.413356,-0.458655,3.130301
-0.425644,-0.413982,3.223357
-0.428442,-0.358013,3.244547
-0.418584,-0.292435,3.169892
-0.425415,-0.238932,3.221623
-0.427222,-0.181423,3.235308
-0.417278,-0.120039,3.160006
-0.429236,-0.064679,3.250563
-0.432555,-0.005925,3.275697
-0.440049,0.054253,3.332450
-0.421285,0.109649,3.190347
-0.433409,0.172176,3.282158
-0.390851,0.208811,2.959872
-0.359975,0.241627,2.726054
-0.359356,0.290439,2.721369
-0.427617,0.404186,3.238297
-0.436467,0.472341,3.305323
-0.434369,0.529574,3.289434
-0.435101,0.590068,3.294972
-0.436049,0.651087,3.302156
-0.438151,0.714246,3.318073
-0.401900,-0.696249,3.129282
-0.409993,-0.652524,3.192296
-0.414810,-0.601766,3.229798
-0.404117,-0.529337,3.146544
-0.400967,-0.468737,3.122020
-0.413982,-0.425644,3.223357
-0.416730,-0.369775,3.244753
-0.410767,-0.306629,3.198320
-0.412676,-0.249931,3.213188
-0.416672,-0.193664,3.244297
-0.412735,-0.133703,3.213645
-0.410176,-0.075103,3.193717
-0.421477,-0.017809,3.281713
-0.413287,0.040747,3.217942
-0.417790,0.100034,3.253006
-0.413418,0.157215,3.218961
-0.368657,0.192117,2.870444
-0.337017,0.223096,2.624086
-0.346088,0.277845,2.694714
-0.415113,0.391726,3.232158
-0.416825,0.452049,3.245487
-0.419897,0.514522,3.269413
-0.429144,0.586296,3.341412
-0.423202,0.637783,3.295143
-0.419227,0.690839,3.264193
-0.390449,-0.707336,3.128245
-0.391562,-0.652603,3.137154
-0.395351,-0.601621,3.167514
-0.398375,-0.548488,3.191744
-0.396364,-0.488274,3.175630
-0.407930,-0.443402,3.268293
-0.397573,-0.374526,3.185321
-0.407248,-0.324618,3.262836
-0.408804,-0.266611,3.275299
-0.405367,-0.205621,3.247766
-0.402247,-0.145742,3.222763
-0.402959,-0.087600,3.228470
-0.409779,-0.029694,3.283108
-0.405130,0.029357,3.245862
-0.412140,0.089596,3.302031
-0.397489,0.144018,3.184645
-0.346860,0.175943,2.779007
-0.334548,0.218183,2.680366
-0.334465,0.266603,2.679703
-0.403768,0.380361,3.234951
-0.398490,0.433141,3.192663
-0.408470,0.503188,3.272623
-0.417936,0.575419,3.348466
-0.411731,0.626547,3.298750
-0.408552,0.680920,3.273282
-0.384367,-0.728576,3.171438
-0.379237,-0.662249,3.129109
-0.384666,-0.614317,3.173906
-0.386760,-0.559936,3.191185
-0.388532,-0.504511,3.205801
-0.394994,-0.453949,3.259124
-0.392507,-0.392507,3.238601
-0.393831,-0.335050,3.249524
-0.397998,-0.279193,3.283911
-0.398864,-0.220268,3.291057
-0.389153,-0.156823,3.210925
-0.393172,-0.099760,3.244087
-0.404448,-0.042256,3.337131
-0.392688,0.017583,3.240098
-0.401837,0.077968,3.315587
-0.382454,0.131290,3.155656
-0.337026,0.165998,2.780828
-0.325084,0.208636,2.682290
-0.322282,0.254940,2.659172
-0.387687,0.364542,3.198835
-0.392639,0.427801,3.239693
-0.401368,0.497218,3.311718
-0.403953,0.560711,3.333042
-0.398709,0.612941,3.289774
-0.399640,0.674020,3.297457
-0.406792,0.746798,3.356470
-0.375012,-0.686560,3.189457
-0.368889,-0.618599,3.137384
-0.377140,-0.574413,3.207555
-0.379310,-0.519362,3.226008
-0.380105,-0.461973,3.232770
-0.373359,-0.396335,3.175395
-0.378160,-0.343253,3.216234
-0.387440,-0.292070,3.295159
-0.388201,-0.232920,3.301626
-0.376561,-0.168004,3.202630
-0.389033,-0.113717,3.308702
-0.386750,-0.053550,3.289286
-0.377605,0.005809,3.211514
-0.376036,0.063637,3.198165
-0.365800,0.118181,3.111106
-0.320981,0.153083,2.729926
-0.314213,0.198196,2.672361
-0.313537,0.246006,2.666612
-0.367813,0.345179,3.128234
-0.381571,0.416793,3.245238
-0.395041,0.492282,3.359804
-0.390807,0.547129,3.323789
-0.379534,0.589737,3.227916
-0.388139,0.662821,3.301098
-0.395106,0.735505,3.360357
-0.362335,-0.695912,3.179466
-0.356318,-0.627799,3.126675
-0.365249,-0.585558,3.205043
-0.372080,-0.537449,3.264980
-0.366731,-0.471511,3.218040
-0.359800,-0.405489,3.157228
-0.366534,-0.354898,3.216317
-0.376379,-0.304687,3.302701
-0.370318,-0.241001,3.249519
-0.364847,-0.179528,3.201514
-0.373751,-0.124584,3.279644
-0.372389,-0.065020,3.267697
-0.371632,-0.005899,3.261053
-0.364847,0.052121,3.201513
-0.333291,0.100516,2.924606
-0.311293,0.143294,2.731579
-0.303817,0.188077,2.665980
-0.304111,0.236531,2.668561
-0.364407,0.341270,3.197649
-0.367265,0.402242,3.222727
-0.385801,0.483782,3.385382
-0.378023,0.534032,3.317131
-0.365478,0.574323,3.207049
-0.373958,0.647007,3.281461
-0.384499,0.726276,3.373959
-0.349231,-0.704188,3.164962
-0.352772,-0.653495,3.197047
-0.347148,-0.586168,3.146080
-0.356832,-0.544023,3.233847
-0.351865,-0.478768,3.188832
-0.355225,-0.425106,3.219284
-0.352703,-0.364267,3.196424
-0.364653,-0.316830,3.304724
-0.358608,-0.252789,3.249937
-0.361151,-0.195377,3.272989
-0.360474,-0.135917,3.266853
-0.362391,-0.077231,3.284218
-0.354652,-0.017442,3.214088
-0.356236,0.040880,3.228439
-0.319364,0.089003,2.894282
-0.313521,0.138771,2.841327
-0.293059,0.177757,2.655892
-0.294465,0.226883,2.668631
-0.355906,0.332568,3.225450
-0.355900,0.390906,3.225396
-0.363939,0.459398,3.298247
-0.363194,0.517998,3.291499
-0.365409,0.581059,3.311569
-0.365724,0.641515,3.314426
-0.365829,0.701672,3.315382
-0.337269,-0.714553,3.160161
-0.338237,-0.659275,3.169230
-0.339015,-0.603332,3.176524
-0.344676,-0.554987,3.229567
-0.345944,-0.498393,3.241442
-0.347207,-0.441365,3.253280
-0.343350,-0.378267,3.217139
-0.349037,-0.325373,3.270426
-0.346498,-0.264279,3.246641
-0.346169,-0.205355,3.243555
-0.349513,-0.148099,3.274888
-0.354110,-0.090028,3.317956
-0.343829,-0.029138,3.221624
-0.342371,0.029015,3.207970
-0.292339,0.074324,2.739179
-0.298460,0.126466,2.796523
-0.288280,0.171014,2.701145
-0.284423,0.216933,2.665004
-0.341785,0.318614,3.202481
-0.344508,0.379543,3.227989
-0.336904,0.428268,3.156746
-0.351610,0.506557,3.294536
-0.354253,0.570408,3.319302
-0.359732,0.640202,3.370640
-0.352699,0.687464,3.304736
-0.324967,-0.724050,3.151736
-0.328675,-0.674649,3.187696
-0.335263,-0.629353,3.251585
-0.331525,-0.564174,3.215338
-0.331374,-0.505782,3.213876
-0.335399,-0.453083,3.252908
-0.330482,-0.388461,3.205220
-0.333380,-0.333380,3.233324
-0.344790,-0.284301,3.343990
-0.330734,-0.214687,3.207668
-0.342518,-0.162245,3.321955
-0.341166,-0.101751,3.308844
-0.333788,-0.040991,3.237279
-0.331462,0.017445,3.214721
-0.282467,0.064422,2.739545
-0.289058,0.116637,2.803465
-0.280923,0.162640,2.724567
-0.275524,0.207851,2.672201
-0.333335,0.309943,3.232886
-0.337288,0.372792,3.271226
-0.335998,0.430314,3.258721
-0.340554,0.495894,3.302902
-0.344795,0.562560,3.344035
-0.347890,0.628644,3.374057
-0.341107,0.676230,3.308269
-0.331336,0.714988,3.213504
-0.317109,-0.686110,3.187362
-0.322949,-0.640027,3.246060
-0.316418,-0.569552,3.180408
-0.319683,-0.517305,3.213226
-0.327623,-0.470586,3.293041
-0.324618,-0.407248,3.262836
-0.317802,-0.340915,3.194327
-0.324222,-0.288853,3.258856
-0.321879,-0.228242,3.235304
-0.330560,-0.174295,3.322557
-0.325110,-0.112311,3.267775
-0.320182,-0.052393,3.218246
-0.312972,0.005690,3.145781
-0.275848,0.055170,2.772631
-0.277969,0.106134,2.793955
-0.272487,0.153584,2.738850
-0.273346,0.203767,2.747482
-0.313829,0.291005,3.154386
-0.327321,0.363028,3.289998
-0.325193,0.419794,3.268609
-0.333646,0.491369,3.353573
-0.328177,0.542984,3.298608
-0.332717,0.610989,3.344234
-0.333571,0.673208,3.352826
-0.328033,0.721672,3.297156
-0.305453,-0.697356,3.186060
-0.305185,-0.639161,3.183263
-0.308262,-0.587442,3.215355
-0.307470,-0.527921,3.207100
-0.314966,-0.481363,3.285283
-0.304202,-0.407516,3.173008
-0.311011,-0.357956,3.244029
-0.313659,-0.301822,3.271645
-0.316912,-0.245158,3.305579
-0.306289,-0.179150,3.194772
-0.311174,-0.123295,3.245727
-0.313956,-0.065161,3.274745
-0.272602,-0.005143,2.843403
-0.259288,0.044030,2.704528
-0.262314,0.094037,2.736090
-0.262198,0.143467,2.734876
-0.263566,0.193945,2.749148
-0.313585,0.289919,3.270882
-0.315648,0.351382,3.292402
-0.305378,0.397568,3.185279
-0.320835,0.478226,3.346503
-0.316531,0.531534,3.301610
-0.318433,0.594810,3.321451
-0.321942,0.662107,3.358046
-0.313626,0.704179,3.271303
-0.297741,-0.718081,3.227403
-0.293559,-0.650434,3.182073
-0.293973,-0.593710,3.186559
-0.287249,-0.523808,3.113680
-0.296618,-0.482731,3.215232
-0.295604,-0.423119,3.204239
-0.292069,-0.360791,3.165919
-0.302074,-0.313920,3.274368
-0.304973,-0.257134,3.305792
-0.300226,-0.194264,3.254338
-0.306800,-0.138361,3.325604
-0.300337,-0.076556,3.255543
-0.256177,-0.015069,2.776864
-0.248676,0.034132,2.695553
-0.255472,0.085157,2.769225
-0.252434,0.133641,2.736293
-0.257124,0.186541,2.787131
-0.303036,0.279268,3.284798
-0.306378,0.342422,3.321027
-0.298255,0.391825,3.232977
-0.307151,0.463738,3.329405
-0.298459,0.509136,3.235185
-0.307701,0.585234,3.335363
-0.311590,0.653727,3.377519
-0.303920,0.697228,3.294382
-0.285618,-0.728619,3.222368
-0.282251,-0.662426,3.184376
-0.281793,-0.603842,3.179208
-0.282999,-0.548672,3.192815
-0.281009,-0.487465,3.170367
-0.290216,-0.444208,3.274240
-0.282115,-0.374234,3.182844
-0.290220,-0.325757,3.274284
-0.282309,-0.259263,3.185027
-0.283238,-0.202313,3.195515
-0.296434,-0.151242,3.344385
-0.278688,-0.085313,3.144174
-0.246204,-0.025123,2.777693
-0.242486,0.024743,2.735745
-0.239094,0.073192,2.697481
-0.242654,0.123803,2.737640
-0.247178,0.176556,2.788681
-0.289640,0.265996,3.267743
-0.284670,0.319527,3.211666
-0.291428,0.386588,3.287913
-0.288854,0.442124,3.258876
-0.303541,0.526551,3.424574
-0.299730,0.581110,3.381580
-0.298233,0.639072,3.364691
-0.300614,0.705523,3.391548
-0.271107,-0.732566,3.188804
-0.273272,-0.680273,3.214270
-0.270726,-0.616334,3.184323
-0.278013,-0.573771,3.270028
-0.272080,-0.503637,3.200245
-0.275402,-0.451190,3.239320
-0.273110,-0.389327,3.212364
-0.283761,-0.344135,3.337637
-0.272799,-0.272799,3.208702
-0.273943,-0.215657,3.222160
-0.287163,-0.164966,3.377663
-0.268376,-0.097072,3.156681
-0.236219,-0.035182,2.778451
-0.225610,0.014401,2.653657
-0.230979,0.063888,2.716807
-0.235183,0.115090,2.766261
-0.239692,0.168295,2.819301
-0.271720,0.248595,3.196014
-0.277785,0.313247,3.267352
-0.279734,0.374962,3.290274
-0.267438,0.415382,3.145646
-0.289555,0.511342,3.405793
-0.286072,0.566057,3.364820
-0.277564,0.608279,3.264757
-0.273740,0.658141,3.219773
-0.287882,0.753392,3.386110
-0.261526,-0.691592,3.212832
-0.259542,-0.628670,3.188459
-0.262585,-0.577687,3.225837
-0.263806,-0.521750,3.240838
-0.261570,-0.459200,3.213364
-0.263515,-0.404057,3.237267
-0.264574,-0.346886,3.250271
-0.265626,-0.289238,3.263199
-0.264670,-0.229381,3.251455
-0.272825,-0.175820,3.351630
-0.261308,-0.110330,3.210150
-0.224441,-0.044888,2.757240
-0.228927,0.005087,2.812349
-0.215812,0.052754,2.651230
-0.224904,0.104955,2.762923
-0.231982,0.159810,2.849881
-0.258231,0.235277,3.172352
-0.271236,0.307401,3.332115
-0.263291,0.356905,3.234505
-0.261408,0.412444,3.211378
-0.274299,0.493738,3.369740
-0.274357,0.554812,3.370460
-0.269070,0.603912,3.305502
-0.265919,0.655934,3.266795
-0.275919,0.741914,3.389638
-0.249854,-0.703079,3.212207
-0.250898,-0.647668,3.225628
-0.251874,-0.591611,3.238170
-0.250186,-0.529464,3.216475
-0.253681,-0.477864,3.261399
-0.251762,-0.415700,3.236727
-0.252789,-0.358608,3.249937
-0.259396,-0.307656,3.334878
-0.253197,-0.241420,3.255180
-0.261006,-0.188167,3.355580
-0.248243,-0.121235,3.191495
-0.214513,-0.054875,2.757849
-0.214342,-0.004985,2.755649
-0.205654,0.043044,2.643947
-0.213081,0.094152,2.739441
-0.223338,0.150623,2.871302
-0.228120,0.206900,2.932788
-0.247669,0.282228,3.184113
-0.232201,0.318601,2.985250
-0.222143,0.356462,2.855938
-0.251842,0.462686,3.237760
-0.258671,0.535389,3.325557
-0.254549,0.586054,3.272559
-0.254345,0.644736,3.269944
-0.261217,0.722903,3.358287
-0.241949,-0.725848,3.262310
-0.242508,-0.668375,3.269842
-0.241866,-0.607614,3.261184
-0.243750,-0.552896,3.286591
-0.242356,-0.490623,3.267792
-0.241416,-0.429838,3.255116
-0.243961,-0.374867,3.289435
-0.251966,-0.325713,3.397375
-0.241285,-0.253055,3.253360
-0.241853,-0.194662,3.261012
-0.237540,-0.133254,3.202857
-0.204237,-0.064758,2.753824
-0.202868,-0.014844,2.735367
-0.201433,0.034391,2.716017
-0.203250,0.084274,2.740510
-0.209936,0.138250,2.830658
-0.209718,0.189258,2.827722
-0.210175,0.240933,2.833889
-0.203424,0.282809,2.742858
-0.201473,0.329236,2.716550
-0.219118,0.411515,2.954469
-0.231123,0.490432,3.116337
-0.212041,0.501659,2.859049
-0.239353,0.624652,3.227300
-0.241232,0.688395,3.252646
-0.226696,-0.726590,3.213395
-0.224326,-0.661475,3.179805
-0.229975,-0.619163,3.259872
-0.228415,-0.556395,3.237761
-0.229960,-0.501194,3.259656
-0.228312,-0.439062,3.236308
-0.232089,-0.386814,3.289834
-0.239654,-0.337973,3.397069
-0.228225,-0.263337,3.235070
-0.228650,-0.205198,3.241087
-0.223402,-0.143206,3.166697
-0.193921,-0.074585,2.748812
-0.190183,-0.024382,2.695827
-0.187799,0.024077,2.662037
-0.195016,0.075006,2.764332
-0.192186,0.123196,2.724217
-0.194506,0.174557,2.757111
-0.192585,0.222213,2.729875
-0.192146,0.270975,2.723653
-0.186080,0.310134,2.637673
-0.195943,0.376813,2.777469
-0.217987,0.475100,3.089948
-0.200093,0.487407,2.836304
-0.204274,0.549969,2.895570
-0.219027,0.645849,3.104691
-0.208338,-0.715108,3.112811
-0.214214,-0.677380,3.200602
-0.215987,-0.624611,3.227087
-0.216622,-0.567901,3.236574
-0.215563,-0.506865,3.220759
-0.215340,-0.448141,3.217426
-0.217173,-0.393259,3.244806
-0.220951,-0.340385,3.301262
-0.223881,-0.284390,3.345039
-0.221258,-0.221258,3.305842
-0.218679,-0.159576,3.267308
-0.187975,-0.086367,2.808554
-0.179062,-0.033877,2.675380
-0.185860,0.015070,2.776950
-0.179699,0.063137,2.684903
-0.178372,0.110880,2.665077
-0.186693,0.166510,2.789403
-0.179088,0.208129,2.675769
-0.182401,0.261277,2.725270
-0.183457,0.312373,2.741058
-0.177541,0.350284,2.652668
-0.180788,0.405551,2.701175
-0.195538,0.491487,2.921557
-0.191507,0.533115,2.861336
-0.194634,0.594421,2.908044
-0.211586,0.703381,3.161336
-0.202532,-0.688607,3.198967
-0.204220,-0.635998,3.225629
-0.203466,-0.575517,3.213720
-0.204758,-0.520670,3.234129
-0.203646,-0.459657,3.216562
-0.205392,-0.404915,3.244139
-0.205009,-0.345587,3.238103
-0.211763,-0.296468,3.344779
-0.210276,-0.234308,3.321294
-0.210971,-0.174804,3.332261
-0.175175,-0.095095,2.766878
-0.169413,-0.043563,2.675868
-0.175683,0.005020,2.774896
-0.175302,0.055095,2.768872
-0.168794,0.101276,2.666083
-0.168478,0.149223,2.661093
-0.169147,0.198143,2.671654
-0.174598,0.254414,2.757755
-0.175260,0.305453,2.768217
-0.173168,0.351283,2.735164
-0.165707,0.383493,2.617321
-0.182664,0.474926,2.885160
-0.172663,0.498256,2.727196
-0.179746,0.570051,2.839069
-0.178418,0.616816,2.818094
-0.195173,-0.715635,3.269573
-0.192244,-0.646640,3.220507
-0.193530,-0.592320,3.242050
-0.193904,-0.534704,3.248309
-0.193140,-0.474071,3.235512
-0.196857,-0.423540,3.297779
-0.198088,-0.366163,3.318409
-0.196328,-0.303416,3.288920
-0.197219,-0.245030,3.303848
-0.198920,-0.186865,3.332348
-0.167906,-0.106849,2.812792
-0.158230,-0.052743,2.650702
-0.162026,-0.004910,2.714280
-0.162004,0.044183,2.713926
-0.161767,0.093139,2.709949
-0.158917,0.139654,2.662200
-0.160047,0.189147,2.681141
-0.160743,0.238679,2.692798
-0.159215,0.284658,2.667205
-0.162136,0.339012,2.716132
-0.158998,0.380631,2.663559
-0.158842,0.428392,2.660950
-0.160786,0.482359,2.693519
-0.157317,0.519621,2.635394
-0.163744,0.590470,2.743063
-0.184343,-0.731424,3.287375
-0.181105,-0.660158,3.229641
-0.183837,-0.610815,3.278363
-0.185975,-0.557925,3.316485
-0.184925,-0.495122,3.297759
-0.186810,-0.439907,3.331370
-0.184163,-0.374266,3.284163
-0.183997,-0.314576,3.281215
-0.186430,-0.258596,3.324594
-0.186865,-0.198920,3.332348
-0.165320,-0.122657,2.948144
-0.149992,-0.062900,2.674808
-0.152492,-0.014757,2.719382
-0.152379,0.034408,2.717376
-0.148631,0.081507,2.650530
-0.148832,0.129628,2.654109
-0.150825,0.180017,2.689656
-0.149854,0.227197,2.672333
-0.152457,0.280325,2.718764
-0.151288,0.326977,2.697913
-0.149467,0.371256,2.665434
-0.153330,0.430312,2.734320
-0.153186,0.479322,2.731750
-0.145849,0.503414,2.600916
-0.153362,0.578818,2.734899
-0.172957,-0.745505,3.297049
-0.168768,-0.669254,3.217201
-0.168881,-0.611466,3.219346
-0.175041,-0.573409,3.336766
-0.171702,-0.503265,3.273128
-0.170764,-0.441630,3.255234
-0.165956,-0.371970,3.163584
-0.171575,-0.325401,3.270699
-0.167025,-0.259176,3.183958
-0.171502,-0.206985,3.269302
-0.154660,-0.133328,2.948259
-0.138269,-0.071518,2.635788
-0.140999,-0.024310,2.687845
-0.138553,0.023889,2.641219
-0.143878,0.074420,2.742718
-0.139280,0.120069,2.655077
-0.137469,0.165911,2.620552
-0.139968,0.217192,2.668182
-0.139980,0.265480,2.668417
-0.140138,0.314103,2.671431
-0.144196,0.372921,2.748783
-0.140462,0.411699,2.677603
-0.146820,0.480963,2.798810
-0.133069,0.481802,2.536672
-0.136931,0.543001,2.610283
-0.151920,-0.714589,3.110550
-0.158092,-0.685063,3.236903
-0.161673,-0.640705,3.310241
-0.160039,-0.574956,3.276782
-0.160949,-0.518613,3.295405
-0.152435,-0.434723,3.121093
-0.154162,-0.382551,3.156456
-0.163667,-0.345519,3.351063
-0.160828,-0.279959,3.292925
-0.164434,-0.225335,3.366760
-0.142167,-0.142167,2.910850
-0.128743,-0.081060,2.635994
-0.130267,-0.033773,2.667201
-0.125095,0.013899,2.561301
-0.129527,0.062365,2.652051
-0.122713,0.104533,2.512534
-0.125053,0.152843,2.560450
-0.126769,0.201892,2.595582
-0.129773,0.254740,2.657088
-0.129397,0.301927,2.649392
-0.127078,0.343581,2.601902
-0.131045,0.402843,2.683134
-0.126186,0.434641,2.583645
-0.125839,0.480053,2.576543
-0.124625,0.521579,2.551681
-0.138728,0.631985,2.840446
-0.146297,-0.696373,3.235044
-0.149620,-0.652345,3.308534
-0.147588,-0.584447,3.263585
-0.147130,-0.523783,3.253469
-0.140155,-0.442890,3.099229
-0.127847,-0.352858,2.827065
-0.140326,-0.331169,3.103004
-0.144320,-0.282868,3.191332
-0.149106,-0.232605,3.297160
-0.131634,-0.152696,2.910812
-0.116856,-0.088811,2.584031
-0.118936,-0.042817,2.630021
-0.113203,0.004528,2.503236
-0.115496,0.050818,2.553953
-0.113245,0.095126,2.504181
-0.115627,0.143378,2.556851
-0.111532,0.182913,2.466299
-0.117585,0.239874,2.600143
-0.119880,0.292508,2.650896
-0.119051,0.338106,2.632569
-0.119294,0.386512,2.637929
-0.119416,0.434675,2.640633
-0.124017,0.501030,2.742377
-0.119954,0.532597,2.652531
-0.114186,0.552661,2.524984
-0.135963,-0.715281,3.267958
-0.140897,-0.679982,3.386567
-0.136165,-0.597940,3.272815
-0.135829,-0.537409,3.264740
-0.134319,-0.473036,3.228452
-0.112904,-0.348529,2.713724
-0.128427,-0.340610,3.086826
-0.131767,-0.292179,3.167111
-0.136936,-0.244102,3.291343
-0.128166,-0.172746,3.080573
-0.114965,-0.104968,2.763257
-0.110839,-0.053010,2.664099
-0.104505,-0.004544,2.511861
-0.112521,0.044030,2.704517
-0.106079,0.087631,2.549696
-0.104020,0.131156,2.500201
-0.103488,0.175479,2.487399
-0.105387,0.224520,2.533052
-0.112620,0.288895,2.706908
-0.111066,0.333199,2.669560
-0.107525,0.369326,2.584446
-0.110619,0.428047,2.658806
-0.120404,0.518261,2.894001
-0.106343,0.503976,2.556041
-0.103992,0.538047,2.499531
-0.130542,-0.764603,3.436497
-0.126870,-0.682682,3.339837
-0.124535,-0.610813,3.278356
-0.124099,-0.549583,3.266896
-0.124413,-0.491730,3.275165
-0.108703,-0.377874,2.861601
-0.109494,-0.328482,2.882415
-0.107313,-0.270836,2.824985
-0.122725,-0.251294,3.230716
-0.120310,-0.189058,3.167131
-0.109204,-0.119604,2.874775
-0.101208,-0.062652,2.664274
-0.099392,-0.014199,2.616482
-0.101888,0.033963,2.682177
-0.097193,0.078680,2.558592
-0.092680,0.119160,2.439792
-0.094768,0.166973,2.494760
-0.097756,0.218786,2.573401
-0.102224,0.277464,2.691017
-0.099742,0.318225,2.625696
-0.099822,0.366012,2.627784
-0.098908,0.409761,2.603733
-0.101084,0.466910,2.661010
-0.096391,0.491135,2.537475
-0.095917,0.534393,2.524991
-0.115794,-0.761802,3.369122
-0.115828,-0.701065,3.370119
-0.115581,-0.638734,3.362916
-0.112042,-0.560208,3.259950
-0.112488,-0.503234,3.272922
-0.098317,-0.388092,2.860609
-0.099631,-0.340844,2.898863
-0.097040,-0.280904,2.823452
-0.105002,-0.248688,3.055114
-0.105860,-0.195005,3.080092
-0.099366,-0.130745,2.891153
-0.093427,-0.073758,2.718343
-0.089936,-0.023667,2.616756
-0.089118,0.023452,2.592968
-0.089058,0.070309,2.591206
-0.086989,0.114459,2.531016
-0.084738,0.156097,2.465534
-0.088483,0.209566,2.574503
-0.090531,0.262062,2.634069
-0.087763,0.300242,2.553544
-0.088345,0.348729,2.570468
-0.086751,0.388097,2.524102
-0.085077,0.425386,2.475398
-0.087280,0.482338,2.539491
-0.087810,0.531482,2.554912
-0.089740,-0.670410,2.918244
-0.102278,-0.703914,3.325973
-0.102473,-0.644975,3.332300
-0.100669,-0.574408,3.273659
-0.100047,-0.512006,3.253422
-0.087545,-0.396526,2.846856
-0.085876,-0.338451,2.792586
-0.086552,-0.290203,2.814566
-0.087567,-0.242097,2.847578
-0.090382,-0.196714,2.939121
-0.087272,-0.138608,2.837990
-0.085056,-0.085056,2.765940
-0.082051,-0.033786,2.668203
-0.079749,0.014073,2.593340
-0.074664,0.057096,2.427991
-0.079597,0.107690,2.588396
-0.078400,0.152189,2.549495
-0.075049,0.189830,2.440514
-0.079050,0.246450,2.570622
-0.075603,0.280175,2.458518
-0.077390,0.332323,2.516647
-0.075388,0.368072,2.451541
-0.081948,0.448305,2.664865
-0.080145,0.485583,2.606221
-0.079073,0.525604,2.571373
-0.091280,0.660441,2.968343
-0.087226,-0.691994,3.214697
-0.088732,-0.644788,3.270209
-0.085700,-0.565619,3.158448
-0.087525,-0.519317,3.225725
-0.077682,-0.409123,2.862939
-0.075747,-0.348438,2.791651
-0.073484,-0.289037,2.708238
-0.073514,-0.240145,2.709332
-0.072826,-0.189348,2.683994
-0.077569,-0.149967,2.858788
-0.075347,-0.095439,2.776880
-0.076523,-0.045914,2.820244
-0.071691,0.004779,2.642151
-0.065594,0.048102,2.417455
-0.071813,0.100538,2.646654
-0.070041,0.144752,2.581361
-0.066245,0.181069,2.441434
-0.072402,0.246166,2.668355
-0.069260,0.281655,2.552544
-0.070664,0.334476,2.604306
-0.069632,0.376013,2.566269
-0.072847,0.441938,2.684757
-0.073969,0.498057,2.726106
-0.073430,0.543381,2.706241
-0.079932,0.644783,2.945865
-0.076892,-0.715683,3.269793
-0.076855,-0.656223,3.268235
-0.076731,-0.596142,3.262974
-0.078388,-0.548718,3.333441
-0.069084,-0.430450,2.937799
-0.063169,-0.345000,2.686245
-0.060886,-0.285696,2.589165
-0.062583,-0.245516,2.661306
-0.065059,-0.205185,2.766602
-0.064727,-0.154348,2.752485
-0.066072,-0.106732,2.809697
-0.064665,-0.054716,2.749855
-0.060222,-0.004632,2.560933
-0.061957,0.042894,2.634726
-0.060811,0.088877,2.585955
-0.063084,0.140727,2.682644
-0.060846,0.182538,2.587460
-0.062774,0.236611,2.669463
-0.061830,0.280613,2.629304
-0.061275,0.325230,2.605715
-0.059574,0.362029,2.533384
-0.066682,0.456516,2.835638
-0.064153,0.488547,2.728075
-0.062147,0.521082,2.642799
-0.070574,0.646020,3.001124
-0.066102,-0.739140,3.322054
-0.064990,-0.667627,3.266182
-0.064675,-0.605589,3.250318
-0.064588,-0.546066,3.245991
-0.061636,-0.465072,3.097610
-0.050505,-0.335169,2.538198
-0.051575,-0.295383,2.591967
-0.051780,-0.249487,2.602301
-0.053441,-0.208905,2.685755
-0.054343,-0.163030,2.731110
-0.053956,-0.112818,2.711656
-0.054407,-0.064299,2.734299
-0.053929,-0.014708,2.710300
-0.051467,0.032752,2.586561
-0.051629,0.079790,2.594696
-0.052138,0.127974,2.620260
-0.050466,0.169749,2.536244
-0.054009,0.230764,2.714282
-0.052667,0.272913,2.646884
-0.051947,0.316407,2.610693
-0.052242,0.365695,2.625507
-0.056423,0.446257,2.835639
-0.054985,0.484865,2.763337
-0.053162,0.517125,2.671758
-0.060887,0.647620,3.059983
-0.053856,-0.748001,3.308089
-0.051096,-0.652899,3.138579
-0.052884,-0.616982,3.248388
-0.052890,-0.558287,3.248769
-0.052379,-0.494694,3.217385
-0.043579,-0.363162,2.676847
-0.043160,-0.311709,2.651067
-0.040500,-0.247500,2.487696
-0.043715,-0.218574,2.685161
-0.044872,-0.174503,2.756263
-0.042757,-0.118771,2.626363
-0.044514,-0.074189,2.734227
-0.044126,-0.024514,2.710406
-0.042114,0.023397,2.586832
-0.042085,0.070142,2.585071
-0.040584,0.112733,2.492850
-0.041303,0.160622,2.537004
-0.043477,0.217385,2.670563
-0.043095,0.263359,2.647105
-0.040022,0.289047,2.458328
-0.044333,0.369438,2.723109
-0.042967,0.405800,2.639233
-0.045018,0.475187,2.765198
-0.043089,0.502707,2.646735
-0.051344,0.656068,3.153815
-0.037327,-0.677219,2.947883
-0.041155,-0.687877,3.250200
-0.041642,-0.636521,3.288622
-0.041742,-0.578424,3.296546
-0.040788,-0.506936,3.221208
-0.035625,-0.391879,2.813498
-0.031439,-0.300913,2.482855
-0.034073,-0.277452,2.690903
-0.033033,-0.221795,2.608788
-0.033310,-0.176066,2.630623
-0.033819,-0.130446,2.670858
-0.034782,-0.084471,2.746895
-0.033845,-0.033845,2.672911
-0.034230,0.014670,2.703296
-0.033120,0.061509,2.615644
-0.033529,0.110167,2.647949
-0.031103,0.146630,2.456368
-0.032683,0.200766,2.581109
-0.033532,0.253885,2.648169
-0.031937,0.287436,2.522231
-0.035154,0.366607,2.776277
-0.034035,0.403553,2.687862
-0.034065,0.452576,2.690257
-0.036512,0.537245,2.883501
-0.042248,0.682002,3.336510
-0.044186,0.776403,3.489532
-0.028825,-0.686045,3.187063
-0.029514,-0.643397,3.263155
-0.029350,-0.581129,3.245059
-0.028702,-0.510897,3.173426
-0.025648,-0.405240,2.835762
-0.022529,-0.310906,2.490947
-0.024305,-0.286799,2.687266
-0.023754,-0.232787,2.626315
-0.023267,-0.181486,2.572542
-0.024674,-0.143110,2.728071
-0.024544,-0.093269,2.713741
-0.024249,-0.043649,2.681114
-0.023011,0.004602,2.544142
-0.024256,0.053363,2.681855
-0.022920,0.096262,2.534079
-0.022817,0.141468,2.522789
-0.023170,0.189998,2.561829
-0.023161,0.236238,2.560738
-0.022864,0.278935,2.527889
-0.021829,0.309977,2.413550
-0.024324,0.394050,2.689377
-0.024004,0.436874,2.653996
-0.024607,0.497063,2.720665
-0.030037,0.666824,3.321034
-0.030551,0.739333,3.377847
-0.017695,-0.713709,3.260772
-0.017438,-0.645214,3.213406
-0.018064,-0.608140,3.328644
-0.017702,-0.536962,3.262022
-0.015814,-0.426976,2.914095
-0.013783,-0.326196,2.539832
-0.014578,-0.296414,2.686293
-0.014322,-0.243477,2.639206
-0.014126,-0.193050,2.602981
-0.014628,-0.151159,2.695616
-0.014621,-0.102346,2.694245
-0.014579,-0.053456,2.686502
-0.013464,-0.004488,2.481039
-0.013924,0.041772,2.565845
-0.013818,0.087517,2.546372
-0.013515,0.130644,2.490436
-0.013351,0.173566,2.460280
-0.014366,0.234652,2.647358
-0.013699,0.269415,2.524384
-0.013217,0.303997,2.435595
-0.014292,0.376368,2.633728
-0.014828,0.439898,2.732416
-0.014725,0.485928,2.713446
-0.016821,0.611181,3.099761
-0.018282,0.725172,3.368830
-0.005862,-0.720986,3.240458
-0.005734,-0.647951,3.169924
-0.005916,-0.609393,3.270735
-0.005961,-0.554372,3.295364
-0.005667,-0.470326,3.132609
-0.004706,-0.343503,2.601315
-0.004609,-0.290360,2.547896
-0.004835,-0.256264,2.672981
-0.004787,-0.205822,2.646117
-0.004854,-0.160171,2.683208
-0.004843,-0.111394,2.677428
-0.004677,-0.060803,2.585646
-0.004589,-0.013767,2.536885
-0.004642,0.032492,2.566013
-0.004683,0.079609,2.588799
-0.004506,0.121658,2.490923
-0.004452,0.164708,2.460921
-0.004571,0.214832,2.526891
-0.004450,0.253623,2.459795
-0.004408,0.295319,2.436694
-0.004447,0.342400,2.458259
-0.004857,0.422574,2.685148
-0.004810,0.466603,2.659260
-0.005190,0.555324,2.869111
-0.005862,0.685844,3.240591
0.005780,-0.722451,3.195092
0.005801,-0.667152,3.207095
0.005913,-0.620818,3.268586
0.006049,-0.574639,3.343924
0.005839,-0.496288,3.227750
0.004625,-0.346839,2.556532
0.004701,-0.305548,2.598672
0.004721,-0.259677,2.610096
0.004914,-0.221128,2.716535
0.005026,-0.175914,2.778551
0.004914,-0.122840,2.716336
0.004771,-0.071567,2.637575
0.004589,-0.022944,2.536819
0.004745,0.023723,2.622874
0.004741,0.071120,2.621101
0.004647,0.116181,2.569086
0.004699,0.164461,2.597639
0.004592,0.206643,2.538596
0.004684,0.257593,2.589142
0.004645,0.301913,2.567757
0.004477,0.335761,2.474882
0.004683,0.398060,2.588896
0.004898,0.465324,2.707802
0.005019,0.527029,2.774790
0.005467,0.628741,3.022449
0.016797,-0.711083,3.095291
0.017751,-0.692280,3.271004
0.017794,-0.634648,3.278942
0.017675,-0.571498,3.257079
0.017506,-0.507680,3.225935
0.015323,-0.393294,2.823653
0.014333,-0.320099,2.641157
0.014001,-0.266014,2.579973
0.014643,-0.229410,2.698356
0.016765,-0.206769,3.089356
0.014634,-0.131705,2.696636
0.013919,-0.078876,2.564973
0.014223,-0.033187,2.620906
0.014711,0.014711,2.710797
0.014523,0.062933,2.676223
0.014569,0.111697,2.684711
0.014700,0.161696,2.708761
0.013399,0.192046,2.469007
0.013838,0.244465,2.549916
0.014147,0.297095,2.606989
0.013653,0.332233,2.515964
0.014327,0.396374,2.640049
0.014703,0.455794,2.709387
0.015029,0.515982,2.769379
0.015309,0.576622,2.820963
0.016697,0.684590,3.076877
0.028469,-0.677568,3.147683
0.029237,-0.637376,3.232616
0.029236,-0.578870,3.232443
0.027975,-0.497946,3.092983
0.028640,-0.452511,3.166555
0.023211,-0.320317,2.566348
0.023589,-0.278347,2.608068
0.024760,-0.242648,2.737569
0.028892,-0.225359,3.194445
0.024385,-0.141431,2.696073
0.023576,-0.089590,2.606692
0.022999,-0.041399,2.542894
0.023723,0.004745,2.622874
0.023958,0.052708,2.648904
0.024161,0.101475,2.671304
0.024091,0.149361,2.663553
0.022336,0.183159,2.469618
0.022237,0.226819,2.458637
0.024534,0.299318,2.712613
0.024195,0.343564,2.675063
0.022407,0.362993,2.477415
0.024968,0.454421,2.760589
0.023801,0.480774,2.631507
0.024062,0.534180,2.660418
0.026782,0.648116,2.961094
0.040505,-0.700158,3.198863
0.040346,-0.639767,3.186277
0.040732,-0.587700,3.216765
0.040410,-0.525330,3.191358
0.041462,-0.479770,3.274410
0.034825,-0.353230,2.750323
0.035153,-0.306335,2.776203
0.034871,-0.254058,2.753894
0.041824,-0.244970,3.303042
0.041896,-0.185541,3.308746
0.033163,-0.099490,2.619056
0.032196,-0.050593,2.542628
0.032677,-0.004668,2.580660
0.032708,0.042053,2.583069
0.033307,0.090404,2.630377
0.032111,0.133033,2.535983
0.032642,0.181865,2.577921
0.030610,0.214268,2.417392
0.032527,0.274158,2.568825
0.033679,0.331983,2.659814
0.032463,0.366372,2.563778
0.034974,0.444672,2.762068
0.031664,0.447812,2.500610
0.035233,0.548629,2.782514
0.034575,0.587769,2.730515
0.052036,-0.711154,3.196270
0.052243,-0.655936,3.208988
0.052186,-0.597244,3.205527
0.052922,-0.546860,3.250711
0.051906,-0.478693,3.188334
0.051948,-0.421355,3.190875
0.052047,-0.364329,3.196965
0.051418,-0.302794,3.158319
0.053147,-0.253926,3.264549
0.053853,-0.197460,3.307883
0.044134,-0.112787,2.710919
0.042447,-0.061312,2.607271
0.043412,-0.014471,2.666538
0.043439,0.033786,2.668195
0.043332,0.081850,2.661658
0.041634,0.124902,2.557343
0.041873,0.172144,2.572031
0.039752,0.207592,2.441736
0.040856,0.258754,2.509558
0.044724,0.332948,2.747175
0.042732,0.365592,2.624768
0.044990,0.434901,2.763478
0.041277,0.444870,2.535398
0.043938,0.522377,2.698889
0.044484,0.578288,2.732395
0.064221,-0.729786,3.227530
0.063927,-0.668331,3.212765
0.063236,-0.603620,3.178039
0.064747,-0.559182,3.253975
0.063637,-0.491742,3.198180
0.066995,-0.456784,3.366933
0.063583,-0.375715,3.195438
0.063543,-0.317715,3.193444
0.064626,-0.264380,3.247894
0.065801,-0.209367,3.306935
0.056459,-0.128315,2.837420
0.057661,-0.078628,2.897835
0.050486,-0.022948,2.537236
0.053090,0.024132,2.668125
0.051744,0.070560,2.600457
0.050473,0.114711,2.536579
0.052623,0.167436,2.644634
0.048960,0.200291,2.460553
0.050675,0.253374,2.546740
0.051137,0.302176,2.569987
0.052141,0.355509,2.620439
0.053826,0.415928,2.705109
0.051464,0.444462,2.586401
0.050872,0.485595,2.556640
0.053567,0.560019,2.692091
0.074595,-0.728735,3.172130
0.074858,-0.673724,3.183326
0.074382,-0.612225,3.163094
0.075301,-0.561862,3.202162
0.075394,-0.504562,3.206125
0.074953,-0.443952,3.187352
0.078695,-0.405582,3.346481
0.075855,-0.332596,3.225725
0.075640,-0.273468,3.216575
0.077526,-0.220651,3.296769
0.068900,-0.143100,2.929964
0.069143,-0.090418,2.940303
0.060777,-0.032726,2.584527
0.064548,0.014896,2.744867
0.061906,0.061906,2.632517
0.059611,0.105466,2.534949
0.060416,0.153364,2.569180
0.063796,0.211019,2.712920
0.059905,0.244227,2.547433
0.063235,0.306449,2.689070
0.060707,0.340894,2.581558
0.063408,0.404834,2.696398
0.064461,0.461145,2.741191
0.064261,0.509146,2.732687
0.062883,0.546599,2.674086
0.066349,0.627765,2.821480
0.085405,-0.677549,3.147594
0.086978,-0.632041,3.205559
0.085895,-0.566910,3.165655
0.087035,-0.516407,3.207654
0.086679,-0.456509,3.194532
0.087624,-0.403072,3.229378
0.087089,-0.342552,3.209663
0.086426,-0.282324,3.185197
0.088209,-0.229343,3.250920
0.087141,-0.168473,3.211567
0.078077,-0.098897,2.877492
0.076027,-0.045616,2.801942
0.078296,0.005220,2.885591
0.078256,0.057388,2.884110
0.070870,0.099218,2.611902
0.071777,0.148339,2.645324
0.071990,0.196773,2.653177
0.072971,0.248100,2.689316
0.072641,0.295407,2.677169
0.071009,0.336109,2.617015
0.069755,0.376676,2.570797
0.077846,0.472263,2.868979
0.074189,0.499537,2.734209
0.074404,0.550588,2.742133
0.072557,0.585294,2.674077
0.096958,-0.690113,3.152967
0.099049,-0.646731,3.220964
0.098882,-0.587477,3.215543
0.098684,-0.528250,3.209100
0.098983,-0.471626,3.218826
0.099253,-0.414526,3.227592
0.101002,-0.362421,3.284491
0.097991,-0.293974,3.186568
0.099934,-0.241017,3.249736
0.100725,-0.183675,3.275474
0.086469,-0.106815,2.811890
0.085136,-0.055088,2.768529
0.087151,-0.005127,2.834044
0.088743,0.046982,2.885827
0.082487,0.092191,2.682391
0.088942,0.151725,2.892302
0.083454,0.191454,2.713838
0.082690,0.238342,2.688997
0.082350,0.285803,2.677930
0.086397,0.350669,2.809524
0.081623,0.379306,2.654288
0.083543,0.437374,2.716741
0.081272,0.473291,2.642883
0.078521,0.503458,2.553415
0.079506,0.556544,2.585457
0.108270,-0.700907,3.150217
0.109841,-0.653266,3.195924
0.109937,-0.595974,3.198712
0.109814,-0.537509,3.195125
0.110340,-0.482011,3.210434
0.108808,-0.418051,3.165855
0.111171,-0.368619,3.234612
0.109470,-0.305363,3.185122
0.111114,-0.251469,3.232960
0.112539,-0.195462,3.274407
0.093632,-0.113344,2.724308
0.092430,-0.063241,2.689320
0.092422,-0.014593,2.689108
0.094303,0.034743,2.743826
0.096215,0.086087,2.799454
0.099789,0.141806,2.903457
0.093002,0.181109,2.705975
0.090212,0.223155,2.624790
0.096723,0.290169,2.814238
0.096935,0.341825,2.820421
0.089112,0.361136,2.592778
0.099906,0.457466,2.906864
0.089052,0.454635,2.591051
0.083918,0.472592,2.441673
0.088916,0.547532,2.587074
0.122035,-0.726396,3.212538
0.119804,-0.656071,3.153828
0.122268,-0.611339,3.218680
0.121148,-0.548051,3.189206
0.121839,-0.493159,3.207397
0.122771,-0.438469,3.231937
0.123773,-0.383107,3.258302
0.124255,-0.325430,3.270994
0.125045,-0.267954,3.291800
0.125624,-0.209374,3.307038
0.110714,-0.131803,2.914538
0.100538,-0.071813,2.646654
0.099494,-0.023689,2.619159
0.100710,0.023979,2.651178
0.101858,0.072756,2.681406
0.098667,0.117461,2.597403
0.101380,0.168967,2.668822
0.105509,0.226091,2.777513
0.101361,0.265470,2.668322
0.106688,0.330224,2.808536
0.103348,0.369101,2.720629
0.102363,0.414326,2.694684
0.098474,0.445476,2.592300
0.095021,0.475107,2.501420
0.098334,0.538496,2.588629
0.134869,-0.744713,3.241682
0.129761,-0.660086,3.118887
0.132870,-0.618136,3.193632
0.130000,-0.548262,3.124651
0.134592,-0.509108,3.235008
0.134832,-0.451393,3.240779
0.135484,-0.394671,3.256455
0.135566,-0.335968,3.258425
0.136249,-0.278423,3.274853
0.137537,-0.221254,3.305791
0.135475,-0.159036,3.256244
0.115488,-0.085360,2.775829
0.110662,-0.033680,2.659839
0.111202,0.014505,2.672819
0.112238,0.063439,2.697727
0.111222,0.111222,2.673294
0.110550,0.158616,2.657160
0.110793,0.207136,2.662999
0.115698,0.266607,2.780875
0.116162,0.318182,2.792029
0.113229,0.359379,2.721538
0.111704,0.403107,2.684896
0.107901,0.436297,2.593486
0.111645,0.499976,2.683472
0.108768,0.534383,2.614321
0.118473,0.633572,2.847580
0.140636,-0.669427,3.109862
0.144588,-0.630405,3.197262
0.142091,-0.562681,3.142044
0.147416,-0.524801,3.259790
0.146461,-0.462815,3.238663
0.146357,-0.403946,3.236377
0.149045,-0.351745,3.295805
0.148028,-0.290135,3.273324
0.147332,-0.229838,3.257930
0.148899,-0.172723,3.292588
0.125909,-0.095691,2.784209
0.121914,-0.043889,2.695863
0.121392,0.004856,2.684325
0.122609,0.053948,2.711231
0.121470,0.102035,2.686054
0.120211,0.149062,2.658211
0.120442,0.197524,2.663311
0.122569,0.250040,2.710342
0.122388,0.298627,2.706350
0.121882,0.346145,2.695163
0.118721,0.384656,2.625260
0.114968,0.418482,2.542264
0.118809,0.479989,2.627212
0.125388,0.556724,2.772693
0.123682,0.598619,2.734953
0.151749,-0.680058,3.107032
0.154621,-0.635663,3.165841
0.155841,-0.582960,3.190818
0.156536,-0.527584,3.205051
0.158026,-0.474078,3.235563
0.158234,-0.416097,3.239823
0.161323,-0.364470,3.303065
0.161215,-0.304517,3.300852
0.162391,-0.246593,3.324928
0.160396,-0.184158,3.284084
0.145224,-0.112952,2.973440
0.132172,-0.053848,2.706200
0.131483,-0.004870,2.692099
0.131243,0.043748,2.687176
0.128862,0.090680,2.638427
0.131169,0.140886,2.685676
0.129109,0.186490,2.643485
0.132528,0.240514,2.713496
0.130387,0.284920,2.669663
0.128789,0.329128,2.636943
0.128705,0.376581,2.635219
0.127920,0.421661,2.619138
0.128374,0.470705,2.628441
0.138996,0.561133,2.845932
0.131428,0.579255,2.690962
0.165787,-0.703164,3.160360
0.168748,-0.657535,3.216811
0.168662,-0.599040,3.215166
0.168381,-0.539982,3.209822
0.168427,-0.482049,3.210686
0.172556,-0.434366,3.289410
0.170647,-0.370715,3.253004
0.169009,-0.308878,3.221785
0.174101,-0.258150,3.318861
0.171923,-0.195636,3.277326
0.173421,-0.137541,3.305892
0.139863,-0.062697,2.666191
0.141195,-0.014606,2.691572
0.138980,0.033547,2.649343
0.141322,0.082844,2.693999
0.141173,0.131437,2.691155
0.142366,0.181640,2.713899
0.137919,0.223524,2.629125
0.140788,0.276722,2.683822
0.141412,0.326711,2.695711
0.136193,0.361615,2.596218
0.163933,0.491798,3.125018
0.176162,0.589233,3.358151
0.155960,0.575439,2.973036
0.151378,0.610732,2.885689
0.176751,-0.712705,3.151988
0.179721,-0.666708,3.204962
0.181199,-0.613738,3.231311
0.179448,-0.549922,3.200091
0.180266,-0.494278,3.214677
0.181235,-0.438473,3.231962
0.182305,-0.382252,3.251035
0.180108,-0.319546,3.211849
0.185355,-0.269064,3.305424
0.181196,-0.204576,3.231262
0.187876,-0.151513,3.350387
0.156230,-0.075595,2.786042
0.154538,-0.024926,2.755873
0.149310,0.024082,2.662639
0.152592,0.073835,2.721165
0.151315,0.122028,2.698390
0.152600,0.172290,2.721303
0.146680,0.212922,2.615731
0.150523,0.267057,2.684273
0.149621,0.313722,2.668191
0.157210,0.380346,2.803510
0.184775,0.506642,3.295089
0.189047,0.579338,3.371267
0.187141,0.633866,3.337285
0.188504,0.699290,3.361586
0.187598,-0.721966,3.142666
0.189111,-0.670485,3.168022
0.189079,-0.613076,3.167490
0.191892,-0.564045,3.214602
0.192722,-0.508086,3.228513
0.192092,-0.448215,3.217961
0.192969,-0.391786,3.232656
0.193681,-0.334539,3.244571
0.196887,-0.280415,3.298291
0.194652,-0.218246,3.260839
0.193928,-0.158668,3.248713
0.169093,-0.087108,2.832671
0.166650,-0.035350,2.791743
0.159459,0.014496,2.671292
0.160836,0.063360,2.694350
0.165593,0.115413,2.774038
0.161902,0.161902,2.712215
0.156155,0.203475,2.615935
0.156021,0.250580,2.613694
0.159361,0.304235,2.669649
0.176051,0.389446,2.949235
0.199189,0.500991,3.336853
0.199816,0.563119,3.347357
0.199574,0.622912,3.343292
0.203014,0.695168,3.400920
0.203227,0.757481,3.404487
0.200382,-0.681300,3.165020
0.198884,-0.619382,3.141357
0.202099,-0.571651,3.192133
0.207556,-0.527786,3.278333
0.202386,-0.456813,3.196662
0.204530,-0.403217,3.230539
0.205412,-0.346266,3.244463
0.206520,-0.289127,3.261956
0.206179,-0.229743,3.256581
0.205598,-0.170353,3.247404
0.208303,-0.113079,3.290119
0.173231,-0.044545,2.736164
0.171634,0.004904,2.710938
0.171080,0.053768,2.702186
0.176887,0.106132,2.793909
0.175755,0.155669,2.776039
0.170358,0.199562,2.690789
0.168953,0.246188,2.668590
0.169338,0.295131,2.674672
0.196635,0.398889,3.105834
0.210925,0.488142,3.331547
0.207780,0.540229,3.281869
0.213467,0.616005,3.371692
0.212360,0.673484,3.354204
0.215661,0.745572,3.406350
0.208461,-0.681725,3.114649
0.210356,-0.631069,3.142962
0.213464,-0.582699,3.189394
0.212062,-0.521558,3.168444
0.213792,-0.468032,3.194296
0.217223,-0.416834,3.245559
0.218110,-0.359586,3.258802
0.213572,-0.294383,3.191010
0.219439,-0.243162,3.278663
0.221588,-0.185654,3.310767
0.221347,-0.125630,3.307177
0.183014,-0.054409,2.734431
0.182744,-0.004939,2.730398
0.180030,0.043791,2.689855
0.186120,0.095575,2.780837
0.188844,0.148013,2.821543
0.218154,0.229946,3.259466
0.215103,0.284866,3.213880
0.200442,0.319623,2.994823
0.216107,0.403011,3.228886
0.221588,0.473121,3.310778
0.223894,0.538556,3.345227
0.223108,0.596965,3.333488
0.221719,0.653174,3.312738
0.219795,0.706909,3.283988
0.219134,-0.691115,3.106205
0.222403,-0.644398,3.152540
0.231329,-0.610945,3.279064
0.221879,-0.529097,3.145119
0.227598,-0.484374,3.226175
0.227462,-0.425763,3.224259
0.230200,-0.371861,3.263058
0.227295,-0.308888,3.221885
0.231502,-0.255246,3.281517
0.231080,-0.195529,3.275532
0.232191,-0.136933,3.291287
0.204566,-0.068189,2.899708
0.193087,-0.014853,2.736993
0.187212,0.033602,2.653715
0.191518,0.083482,2.714751
0.195821,0.135569,2.775750
0.229946,0.218154,3.259466
0.234128,0.282154,3.318737
0.218738,0.319694,3.100591
0.229432,0.394152,3.252174
0.224373,0.442992,3.180462
0.234353,0.522787,3.321931
0.230751,0.573920,3.270881
0.237160,0.650669,3.361718
0.231161,0.693484,3.276690
0.233771,-0.712715,3.152035
0.238158,-0.668005,3.211195
0.235454,-0.602991,3.174728
0.241670,-0.559966,3.258540
0.245171,-0.508282,3.305755
0.241301,-0.441405,3.253576
0.240632,-0.381490,3.244556
0.243725,-0.326948,3.286257
0.244254,-0.268083,3.293385
0.240178,-0.205030,3.238424
0.246432,-0.150263,3.322754
0.236710,-0.086601,3.191662
0.202118,-0.024649,2.725253
0.197717,0.024112,2.665909
0.201173,0.073600,2.712502
0.200907,0.122504,2.708915
0.222201,0.189684,2.996043
0.245739,0.269713,3.313406
0.239952,0.321886,3.235378
0.245945,0.389914,3.316194
0.238080,0.435513,3.210146
0.250459,0.519244,3.377050
0.242671,0.562286,3.272038
0.250357,0.641157,3.375671
0.247175,0.693297,3.332777
0.239660,-0.707832,3.081140
0.250086,-0.680465,3.215178
0.249847,-0.621712,3.212110
0.250930,-0.566051,3.226030
0.253625,-0.513149,3.260686
0.252811,-0.452708,3.250221
0.251984,-0.392627,3.239590
0.251498,-0.333381,3.233336
0.255386,-0.279143,3.283327
0.250845,-0.215844,3.224948
0.253304,-0.159051,3.256557
0.253272,-0.100131,3.256147
0.236475,-0.038496,3.040196
0.209937,0.014647,2.699022
0.210948,0.063775,2.712008
0.211534,0.113146,2.719543
0.216090,0.165837,2.778121
0.251854,0.251854,3.237915
0.254503,0.313690,3.271973
0.253676,0.371665,3.261339
0.249745,0.423986,3.210803
0.262747,0.507162,3.377953
0.255572,0.552749,3.285718
0.262532,0.628855,3.375192
0.264219,0.694343,3.396882
0.257220,0.735770,3.306907
0.264431,-0.699274,3.248520
0.263916,-0.639262,3.242182
0.269386,-0.592648,3.309380
0.264466,-0.523055,3.248947
0.258849,-0.454424,3.179939
0.260936,-0.400101,3.205573
0.261546,-0.342915,3.213068
0.267772,-0.291574,3.289559
0.264226,-0.228996,3.245993
0.268671,-0.173143,3.300600
0.264426,-0.111647,3.248452
0.261056,-0.052211,3.207048
0.250096,0.005558,3.072413
0.219079,0.053553,2.691373
0.220821,0.103050,2.712771
0.227903,0.157000,2.799771
0.257268,0.234400,3.160521
0.264135,0.299353,3.244882
0.268459,0.363911,3.297998
0.255735,0.403493,3.141684
0.267831,0.482096,3.290282
0.267541,0.541027,3.286716
0.274843,0.616870,3.376424
0.272911,0.673181,3.352692
0.273088,0.734304,3.354868
0.272338,-0.701125,3.203283
0.271498,-0.641197,3.193401
0.281100,-0.604065,3.306340
0.267717,-0.518345,3.148928
0.272362,-0.469390,3.203566
0.273100,-0.412555,3.212243
0.276376,-0.358701,3.250778
0.278959,-0.302701,3.281164
0.275816,-0.240605,3.244189
0.279777,-0.184533,3.290777
0.276215,-0.123415,3.248884
0.280701,-0.065696,3.301647
0.269277,-0.005729,3.167280
0.241480,0.046241,2.840331
0.224938,0.090932,2.645759
0.236149,0.145709,2.777617
0.233645,0.193876,2.748173
0.275418,0.287138,3.239513
0.273629,0.343492,3.218468
0.278763,0.409249,3.278861
0.279488,0.469778,3.287382
0.286248,0.542044,3.366895
0.285934,0.602287,3.363203
0.285155,0.661316,3.354035
0.281717,0.713282,3.313596
0.278577,-0.699286,3.142929
0.278729,-0.642783,3.144639
0.289368,-0.608263,3.264670
0.279500,-0.530479,3.153337
0.281479,-0.476791,3.175666
0.286026,-0.426120,3.226961
0.290182,-0.373091,3.273857
0.290240,-0.313934,3.274513
0.289481,-0.254034,3.265944
0.291128,-0.196065,3.284522
0.287838,-0.135108,3.247410
0.287279,-0.076217,3.241100
0.287353,-0.017593,3.241942
0.293639,0.041948,3.312858
0.241817,0.083896,2.728193
0.244470,0.134708,2.758129
0.242927,0.183434,2.740716
0.271190,0.260121,3.059591
0.289231,0.336453,3.263127
0.295558,0.404131,3.334508
0.291757,0.458475,3.291624
0.298504,0.529998,3.367749
0.295329,0.584631,3.331922
0.299305,0.653585,3.376785
0.293832,0.701600,3.315037
0.294067,-0.720752,3.187577
0.289809,-0.653492,3.141428
0.299649,-0.616924,3.248082
0.297276,-0.553749,3.222361
0.295130,-0.491883,3.199100
0.296048,-0.435364,3.209052
0.306066,-0.390084,3.317646
0.294855,-0.317981,3.196118
0.301114,-0.265689,3.263964
0.298649,-0.204955,3.237246
0.304316,-0.149175,3.298676
0.298880,-0.087906,3.239755
0.297043,-0.029122,3.219839
0.305537,0.029955,3.311912
0.282738,0.083158,3.064781
0.252813,0.123928,2.740396
0.252232,0.173100,2.734099
0.259283,0.228779,2.810535
0.301048,0.324660,3.263252
0.302558,0.385613,3.279616
0.302382,0.444680,3.277714
0.307268,0.512113,3.330669
0.309462,0.576449,3.354455
0.309069,0.636319,3.350201
0.312457,0.704560,3.386922
0.290358,-0.695763,3.028606
0.299663,-0.661521,3.125665
0.313065,-0.632037,3.265454
0.304687,-0.557634,3.178062
0.308680,-0.506701,3.219714
0.301868,-0.438563,3.148664
0.312711,-0.395314,3.261760
0.311507,-0.335017,3.249204
0.311506,-0.276241,3.249190
0.316200,-0.220743,3.298150
0.310243,-0.158048,3.236022
0.310464,-0.099583,3.238328
0.315215,-0.041632,3.287885
0.312702,0.017700,3.261669
0.316464,0.077623,3.300912
0.262679,0.113993,2.739899
0.259650,0.161669,2.708308
0.261858,0.212451,2.731339
0.306335,0.306335,3.195252
0.311322,0.370061,3.247269
0.314284,0.432882,3.278173
0.315666,0.494345,3.292587
0.321683,0.564462,3.355343
0.321982,0.625738,3.358461
0.323808,0.690384,3.377513
0.318275,0.738637,3.319793
0.310906,-0.672686,3.125005
0.314767,-0.623810,3.163814
0.321058,-0.577904,3.227046
0.320041,-0.517884,3.216825
0.317124,-0.455506,3.187513
0.321200,-0.402960,3.228481
0.325013,-0.348650,3.266802
0.325938,-0.290381,3.276099
0.331192,-0.234845,3.328909
0.311823,-0.164416,3.134230
0.321667,-0.111121,3.233176
0.327795,-0.053639,3.294762
0.328018,0.005964,3.297011
0.328317,0.065663,3.300014
0.272535,0.104059,2.739332
0.275745,0.155420,2.771596
0.271267,0.202217,2.726585
0.281787,0.261293,2.832325
0.323086,0.358332,3.247435
0.326182,0.421071,3.278550
0.327636,0.482519,3.293172
0.327730,0.542244,3.294113
0.334233,0.613773,3.359472
0.336149,0.678410,3.378733
0.328564,0.722841,3.302496
0.321860,-0.683248,3.121603
0.321547,-0.626171,3.118567
0.326679,-0.578852,3.168336
0.333968,-0.533176,3.239026
0.335156,-0.476274,3.250548
0.327397,-0.407810,3.175300
0.337421,-0.361100,3.272524
0.326713,-0.292322,3.168669
0.333097,-0.239596,3.230578
0.333015,-0.181113,3.229783
0.329166,-0.121272,3.192455
0.328491,-0.063393,3.185913
0.335410,-0.005884,3.253012
0.339216,0.053560,3.289925
0.336247,0.112082,3.261130
0.274753,0.139786,2.664723
0.280259,0.191756,2.718127
0.285849,0.245730,2.772342
0.329894,0.341470,3.199521
0.337327,0.408344,3.271612
0.343786,0.476475,3.334247
0.343893,0.536955,3.335286
0.343801,0.597129,3.334399
0.338077,0.646499,3.278886
0.347717,0.725935,3.372374
0.336009,-0.700493,3.148356
0.332954,-0.637692,3.119732
0.345254,-0.602732,3.234983
0.344497,-0.543020,3.227885
0.341515,-0.480436,3.199947
0.343228,-0.424672,3.215999
0.348993,-0.372654,3.270014
0.349932,-0.314345,3.278808
0.340494,-0.248157,3.190378
0.345469,-0.193228,3.236996
0.338792,-0.132071,3.174432
0.346274,-0.076298,3.244537
0.355108,-0.018056,3.327308
0.353530,0.041944,3.312528
0.349314,0.100650,3.273026
0.284338,0.130121,2.664207
0.292479,0.183419,2.740486
0.287824,0.229284,2.696873
0.304452,0.294132,2.852672
0.347450,0.394561,3.255552
0.355124,0.463466,3.327457
0.351611,0.518477,3.294545
0.358347,0.589146,3.357656
0.345374,0.626356,3.236105
0.362428,0.718713,3.395899
0.347299,-0.711679,3.147452
0.354587,-0.668484,3.213500
0.351856,-0.605654,3.188747
0.354939,-0.552774,3.216688
0.350190,-0.487969,3.173645
0.354461,-0.435813,3.212359
0.360538,-0.384180,3.267427
0.363628,-0.327861,3.295431
0.351200,-0.259082,3.182804
0.353757,-0.202975,3.205973
0.358412,-0.146890,3.248165
0.357841,-0.087994,3.242986
0.369805,-0.030312,3.351410
0.365889,0.029991,3.315921
0.362960,0.089252,3.289379
0.360619,0.147795,3.268165
0.300443,0.172385,2.722807
0.293151,0.216259,2.656720
0.300375,0.270830,2.722195
0.351961,0.375040,3.189696
0.367199,0.451474,3.327795
0.370935,0.516877,3.361654
0.368697,0.574200,3.341372
0.363203,0.625185,3.291581
0.376614,0.710010,3.413119
0.348873,-0.703284,3.061341
0.365708,-0.679172,3.209069
0.360976,-0.613086,3.167542
0.358145,-0.551430,3.142706
0.363689,-0.502237,3.191353
0.359191,-0.439011,3.151881
0.366600,-0.389876,3.216897
0.370007,-0.334769,3.246794
0.369798,-0.275881,3.244953
0.365125,-0.214438,3.203952
0.380515,-0.163078,3.338997
0.368662,-0.099480,3.234988
0.367250,-0.040806,3.222598
0.369140,0.017578,3.239179
0.369562,0.076259,3.242890
0.378773,0.138282,3.323714
0.331555,0.173671,2.909373
0.306448,0.209163,2.689063
0.305254,0.256801,2.678589
0.342080,0.342080,3.001733
0.374745,0.434228,3.288365
0.389609,0.513295,3.418801
0.379124,0.559659,3.326792
0.374700,0.612605,3.287972
0.382179,0.685496,3.353602
0.393744,0.768738,3.455081
0.375221,-0.686943,3.191235
0.375604,-0.629859,3.194492
0.369140,-0.562229,3.139519
0.380365,-0.520808,3.234987
0.372801,-0.453097,3.170653
0.381846,-0.405345,3.247584
0.380606,-0.345473,3.237031
0.378494,-0.285327,3.219075
0.385321,-0.231193,3.277136
0.385956,-0.172196,3.282537
0.380378,-0.111187,3.235095
0.388139,-0.053742,3.301105
0.380706,0.005857,3.237883
0.381167,0.064505,3.241802
0.390692,0.126224,3.322814
0.380651,0.181541,3.237418
0.318264,0.200751,2.706820
0.316731,0.248512,2.693776
0.327217,0.307080,2.782962
0.379131,0.414128,3.224493
0.395993,0.493469,3.367902
0.395449,0.553629,3.363272
0.385635,0.599218,3.279806
0.387090,0.661031,3.292181
0.396882,0.738811,3.375462
0.392566,-0.708963,3.239090
0.381229,-0.631588,3.145545
0.390834,-0.589168,3.224797
0.390489,-0.530365,3.221948
0.381192,-0.460844,3.145243
0.389650,-0.412913,3.215028
0.392330,-0.357196,3.237141
0.386012,-0.293830,3.185007
0.396687,-0.242749,3.273094
0.394177,-0.182380,3.252378
0.389223,-0.121995,3.211505
0.386560,-0.063465,3.189535
0.395007,-0.005896,3.259226
0.390770,0.052492,3.224273
0.393456,0.111577,3.246436
0.395353,0.171123,3.262082
0.333057,0.193869,2.748074
0.326882,0.239063,2.697122
0.327523,0.288416,2.702415
0.393540,0.405287,3.247124
0.399162,0.470654,3.293511
0.404197,0.536919,3.335060
0.399646,0.590522,3.297505
0.410460,0.667764,3.386736
0.409230,0.726842,3.376586
0.403812,-0.719839,3.235307
0.386726,-0.633334,3.098411
0.401740,-0.599698,3.218699
0.401294,-0.540875,3.215131
0.388162,-0.466920,3.109919
0.403736,-0.427141,3.234694
0.403369,-0.368293,3.231754
0.393504,-0.302257,3.152721
0.415137,-0.258709,3.326040
0.411682,-0.196891,3.298354
0.409900,-0.136633,3.284077
0.412631,-0.077742,3.305961
0.413871,-0.017994,3.315897
0.402280,0.040811,3.223027
0.410965,0.101252,3.292610
0.409315,0.160167,3.279391
0.400296,0.214651,3.207131
0.330382,0.225043,2.646987
0.331074,0.273496,2.652536
0.376692,0.365773,3.018021
0.405599,0.452625,3.249624
0.414523,0.522659,3.321118
0.416456,0.585453,3.336610
0.413353,0.640996,3.311743
0.424794,0.720303,3.403411
0.412633,-0.726466,3.212850
0.397940,-0.644550,3.098446
0.408009,-0.603393,3.176844
0.412502,-0.551939,3.211830
0.407904,-0.488335,3.176026
0.423151,-0.446990,3.294744
0.424901,-0.388994,3.308375
0.403894,-0.312875,3.144805
0.418954,-0.265534,3.262065
0.423914,-0.208972,3.300685
0.407778,-0.143584,3.175048
0.424362,-0.089654,3.304174
0.428230,-0.030157,3.334294
0.427297,0.030091,3.327030
0.425178,0.089826,3.310528
0.414885,0.146086,3.230385
0.419956,0.207021,3.269871
0.357575,0.226632,2.784160
0.340640,0.263876,2.652300
0.350300,0.320697,2.727515
0.393908,0.416100,3.067055
0.426581,0.510695,3.321452
0.429287,0.574398,3.342523
0.426919,0.631359,3.324085
0.435289,0.705046,3.389259
0.415211,-0.722354,3.144353
0.409965,-0.657068,3.104626
0.419038,-0.614207,3.173334
0.420606,-0.558888,3.185210
0.423951,-0.505257,3.210539
0.428846,-0.452345,3.247609
0.419233,-0.384776,3.174809
0.415648,-0.324547,3.147659
0.429236,-0.276358,3.250561
0.428258,-0.217062,3.243156
0.434085,-0.160552,3.287281
0.422412,-0.098370,3.198881
0.433960,-0.041613,3.286335
0.442737,0.018195,3.352804
0.434475,0.077372,3.290238
0.422728,0.133188,3.201276
0.428450,0.193683,3.244611
0.426257,0.251083,3.227998
0.358428,0.260229,2.714342
0.350145,0.302180,2.651616
0.365079,0.365079,2.764705
0.431992,0.491169,3.271429
0.439785,0.560274,3.330449
0.435379,0.614301,3.297077
0.436625,0.675872,3.306519
0.450726,0.759442,3.413301
0.424432,-0.673431,3.128466
0.432449,-0.628493,3.187564
0.429243,-0.566601,3.163930
0.435124,-0.516347,3.207279
0.438102,-0.461467,3.229227
0.430698,-0.396242,3.174656
0.447852,-0.352310,3.301096
0.437588,-0.285891,3.225438
0.439676,-0.228632,3.240833
0.443842,-0.171619,3.271541
0.437419,-0.110813,3.224192
0.444753,-0.053370,3.278254
0.442718,0.005903,3.263252
0.443125,0.064992,3.266251
0.438715,0.122840,3.233751
0.439087,0.181489,3.236491
0.443614,0.242509,3.269862
0.429726,0.292214,3.167493
0.353838,0.287788,2.608125
0.357861,0.338775,2.637775
0.439952,0.475148,3.242864
0.440952,0.535022,3.250240
0.443872,0.597748,3.271763
0.448693,0.664066,3.307295
0.447454,0.721892,3.298162
0.439546,-0.690715,3.155720
0.442728,-0.638218,3.178565
0.440207,-0.577414,3.160466
0.451623,-0.533737,3.242430
0.449343,-0.472685,3.226058
0.442026,-0.407582,3.173525
0.455882,-0.361154,3.273007
0.448896,-0.297321,3.222850
0.453334,-0.241385,3.254709
0.457260,-0.184092,3.282902
0.450952,-0.122987,3.237612
0.456235,-0.065176,3.275537
0.454302,-0.005900,3.261660
0.454749,0.053152,3.264868
0.447476,0.110416,3.212652
0.448771,0.169018,3.221955
0.456221,0.231073,3.275442
0.445894,0.283751,3.201294
0.361604,0.277073,2.596138
0.362251,0.324614,2.600779
0.384916,0.394914,2.763506
0.452751,0.523309,3.250525
0.457394,0.588078,3.283859
0.460755,0.652238,3.307991
0.461363,0.713015,3.312355
0.453952,-0.706786,3.176640
0.453695,-0.648956,3.174842
0.452792,-0.590349,3.168523
0.462862,-0.544888,3.238989
0.454658,-0.477679,3.181580
0.459371,-0.424482,3.214557
0.468982,-0.373998,3.281812
0.456178,-0.306043,3.192215
0.466948,-0.254162,3.267581
0.468678,-0.195777,3.279689
0.461851,-0.134463,3.231916
0.464448,-0.076428,3.250089
0.461071,-0.017509,3.226453
0.466869,0.041368,3.267027
0.458016,0.098560,3.205075
0.474640,0.162219,3.321408
0.466013,0.218259,3.261040
0.457388,0.272117,3.200682
0.380355,0.274434,2.661628
0.361220,0.306351,2.527725
0.377850,0.368284,2.644096
0.448287,0.493683,3.136998
0.471374,0.578776,3.298555
0.474591,0.642801,3.321067
0.466237,0.690503,3.262607
0.466937,-0.720582,3.186828
0.460986,-0.654487,3.146211
0.461770,-0.598590,3.151559
0.473804,-0.555696,3.233692
0.452437,-0.474779,3.087860
0.473964,-0.438855,3.234783
0.469342,-0.376633,3.203241
0.473537,-0.321538,3.231870
0.483286,-0.268492,3.298409
0.483638,-0.208979,3.300808
0.469384,-0.144871,3.203523
0.482952,-0.089436,3.296126
0.472489,-0.029166,3.224716
0.486690,0.030043,3.321638
0.464111,0.085947,3.167541
0.486488,0.150151,3.320261
0.483108,0.208750,3.297192
0.480905,0.267169,3.282156
0.480934,0.326560,3.282354
0.446403,0.358224,3.046678
0.387538,0.358831,2.644927
0.388403,0.407583,2.650831
0.479823,0.562755,3.274771
0.483423,0.626660,3.299344
0.478146,0.678850,3.263329
0.474547,-0.726114,3.160719
0.475387,-0.670124,3.166316
0.481701,-0.620987,3.208367
0.478939,-0.559723,3.189971
0.482328,-0.505573,3.212546
0.482761,-0.447862,3.215427
0.483451,-0.390256,3.220026
0.483858,-0.332288,3.222739
0.494004,-0.279737,3.290312
0.486797,-0.217006,3.242314
0.482407,-0.156927,3.213069
0.494566,-0.101297,3.294060
0.481980,-0.040649,3.210225
0.485816,0.017560,3.235781
0.487867,0.076413,3.249435
0.487450,0.135077,3.246661
0.492850,0.195952,3.282625
0.492660,0.255233,3.281362
0.492721,0.314629,3.281771
0.487630,0.370129,3.247861
0.403961,0.355291,2.690579
0.386569,0.386569,2.574742
0.476421,0.533821,3.173202
0.495427,0.614807,3.299793
0.502040,0.683501,3.343839
0.503415,0.746025,3.352996
0.486240,-0.680736,3.162401
0.487671,-0.625367,3.171708
0.488830,-0.569343,3.179242
0.491497,-0.514626,3.196589
0.493891,-0.459028,3.212161
0.497940,-0.404210,3.238496
0.504066,-0.349881,3.278338
0.501741,-0.289239,3.263216
0.491894,-0.225693,3.199175
0.496040,-0.169237,3.226136
0.501843,-0.112177,3.263878
0.493303,-0.052232,3.208337
0.492810,0.005798,3.205128
0.499392,0.064627,3.247940
0.490239,0.121118,3.188408
0.494973,0.180519,3.219195
0.503425,0.242829,3.274169
0.492299,0.295379,3.201804
0.502215,0.360413,3.266300
0.507383,0.423814,3.299907
0.400010,0.381186,2.601576
0.458949,0.491346,2.984906
0.504410,0.599357,3.280570
0.520231,0.679360,3.383469
0.510362,0.726515,3.319281
0.490656,-0.682407,3.117762
0.494356,-0.630730,3.141272
0.499756,-0.580176,3.175583
0.502510,-0.525614,3.193086
0.504987,-0.470160,3.208823
0.497014,-0.405609,3.158159
0.501302,-0.351488,3.185409
0.511120,-0.299622,3.247795
0.505620,-0.238281,3.212849
0.507336,-0.180775,3.223753
0.507757,-0.122562,3.226424
0.502893,-0.063584,3.195520
0.513807,-0.005906,3.264866
0.512460,0.053013,3.256310
0.509386,0.111245,3.236778
0.507433,0.169144,3.224369
0.514268,0.230534,3.267798
0.503342,0.283491,3.198370
0.522299,0.354203,3.318829
0.519269,0.411834,3.299575
0.451122,0.409640,2.866552
0.469760,0.480559,2.984980
0.514781,0.585785,3.271058
0.535903,0.671419,3.405273
0.532641,0.728555,3.384547
0.515933,-0.713031,3.204707
0.508809,-0.646016,3.160456
0.504634,-0.584014,3.134521
0.507745,-0.530565,3.153849
0.508706,-0.474411,3.159817
0.517308,-0.424309,3.213248
0.527091,-0.373110,3.274016
0.527043,-0.313857,3.273714
0.526248,-0.254255,3.268780
0.518603,-0.192291,3.221293
0.513540,-0.132713,3.189844
0.527510,-0.077052,3.276617
0.535939,-0.018065,3.328974
0.523973,0.041211,3.254648
0.517518,0.098852,3.214554
0.531400,0.161211,3.300781
0.531150,0.220815,3.299229
0.516523,0.272770,3.208369
0.532467,0.341018,3.307410
0.529839,0.398868,3.291083
0.546808,0.473081,3.396485
0.526141,0.514318,3.268116
0.530376,0.578050,3.294417
0.544431,0.654541,3.381721
0.542849,0.713633,3.371896
0.529744,-0.727671,3.218176
0.506047,-0.639509,3.074214
0.520180,-0.600208,3.160076
0.531465,-0.554826,3.228631
0.517368,-0.483256,3.142993
0.512472,-0.422367,3.113247
0.529404,-0.378145,3.216106
0.529961,-0.320306,3.219492
0.540878,-0.267467,3.285816
0.542158,-0.208522,3.293590
0.524700,-0.144148,3.187531
0.531723,-0.087647,3.230197
0.536948,-0.029503,3.261939
0.533825,0.029331,3.242969
0.528899,0.087181,3.213039
0.545349,0.149821,3.312975
0.530879,0.204184,3.225068
0.536876,0.265488,3.261503
0.544316,0.328982,3.306700
0.541664,0.386903,3.290586
0.555362,0.457716,3.373803
0.545008,0.509074,3.310905
0.540408,0.564163,3.282961
0.557890,0.643719,3.389158
0.549018,0.693814,3.335265
0.526007,-0.718311,3.126754
0.518594,-0.652424,3.082685
0.536188,-0.616904,3.187271
0.535181,-0.558200,3.181287
0.537009,-0.502363,3.192152
0.535825,-0.443640,3.185111
0.537788,-0.387438,3.196780
0.534152,-0.327384,3.175172
0.557278,-0.281635,3.312639
0.539227,-0.214531,3.205334
0.550090,-0.159704,3.269911
0.545313,-0.099681,3.241515
0.539598,-0.040615,3.207544
0.550568,0.017760,3.272752
0.535092,0.074798,3.180756
0.557094,0.137776,3.311543
0.539618,0.191477,3.207658
0.554112,0.256202,3.293820
0.546317,0.311342,3.247483
0.565697,0.383214,3.362680
0.568859,0.446524,3.381480
0.561616,0.501228,3.338427
0.552742,0.552742,3.285674
0.570193,0.631504,3.389408
0.555056,0.674423,3.299428
0.476810,0.630619,2.834309
0.546354,-0.684380,3.179330
0.558000,-0.640231,3.247098
0.546196,-0.569193,3.178407
0.546560,-0.512040,3.180527
0.547528,-0.455313,3.186162
0.547564,-0.397704,3.186371
0.554370,-0.344293,3.225977
0.568752,-0.293357,3.309669
0.549125,-0.225430,3.195456
0.552969,-0.168801,3.217821
0.571366,-0.114273,3.324878
0.548365,-0.051950,3.191029
0.553706,0.005828,3.222113
0.555771,0.064352,3.234129
0.568814,0.125738,3.310030
0.552863,0.180408,3.217209
0.541563,0.233727,3.151452
0.551124,0.295866,3.207085
0.555086,0.356424,3.230143
0.552862,0.413192,3.217201
0.568434,0.484664,3.307814
0.570897,0.546859,3.322150
0.574701,0.610998,3.344286
0.573595,0.670201,3.337852
0.546259,0.695761,3.178776
0.556816,-0.694584,3.173398
0.551645,-0.631264,3.143931
0.554686,-0.577560,3.161262
0.557736,-0.523237,3.178646
0.565803,-0.472475,3.224621
0.563064,-0.412139,3.209008
0.570992,-0.359078,3.254194
0.570422,-0.299913,3.250946
0.568094,-0.240122,3.237678
0.561000,-0.179289,3.197246
0.581384,-0.125867,3.313421
0.555261,-0.062968,3.164539
0.567550,-0.005851,3.234577
0.575388,0.053387,3.279248
0.570863,0.111819,3.253458
0.573432,0.171438,3.268096
0.552769,0.222247,3.150337
0.572336,0.289118,3.261852
0.571365,0.347531,3.256317
0.565352,0.402157,3.222048
0.569845,0.464101,3.247657
0.589145,0.540556,3.357651
0.576375,0.588259,3.284869
0.572985,0.643870,3.265550
0.564341,0.692336,3.216290
0.567224,-0.704733,3.167411
0.569893,-0.650484,3.182312
0.574476,-0.597687,3.207906
0.562996,-0.528875,3.143799
0.563892,-0.472758,3.148804
0.579185,-0.427076,3.234202
0.595653,-0.379052,3.326160
0.588383,-0.314993,3.285563
0.585571,-0.254339,3.269863
0.581602,-0.193867,3.247697
0.588083,-0.136625,3.283890
0.568412,-0.074640,3.174045
0.579853,-0.017571,3.237932
0.593695,0.041978,3.315223
0.582500,0.100025,3.252710
0.598053,0.163105,3.339561
0.584082,0.218293,3.261548
0.578967,0.274863,3.232985
0.590545,0.340011,3.297639
0.583310,0.394766,3.257237
0.578005,0.449559,3.227610
0.589294,0.517864,3.290651
0.584124,0.572323,3.261780
0.575481,0.621985,3.213519
0.583631,0.689746,3.259028
0.585931,-0.725162,3.207083
0.580649,-0.661135,3.178170
0.582438,-0.605505,3.187964
0.576116,-0.541892,3.153362
0.574628,-0.483598,3.145216
0.587962,-0.436606,3.218201
0.594151,-0.382374,3.252072
0.593794,-0.323353,3.250119
0.600632,-0.267608,3.287547
0.592849,-0.205443,3.244950
0.595877,-0.147494,3.261521
0.593622,-0.088162,3.249180
0.582786,-0.028851,3.189869
0.605328,0.029967,3.313249
0.593787,0.088186,3.250080
0.607548,0.150383,3.325402
0.587923,0.203736,3.217984
0.602436,0.268412,3.297422
0.605748,0.329863,3.315552
0.594968,0.382900,3.256545
0.598890,0.444720,3.278012
0.599032,0.504136,3.278789
0.604995,0.569055,3.311429
0.603465,0.627364,3.303053
0.595479,0.678021,3.259345
0.592460,-0.730510,3.179853
0.586931,-0.666708,3.150176
0.593217,-0.616255,3.183913
0.586810,-0.552627,3.149524
0.588972,-0.497481,3.161129
0.600105,-0.448622,3.220885
0.602450,-0.391885,3.233470
0.611960,-0.338658,3.284512
0.614295,-0.280310,3.297046
0.614438,-0.220720,3.297811
0.607186,-0.159165,3.258886
0.603082,-0.099538,3.236860
0.593250,-0.040318,3.184090
0.605696,0.017642,3.250893
0.594814,0.075074,3.192484
0.617263,0.137835,3.312972
0.607176,0.194532,3.258834
0.609961,0.254644,3.273784
0.605036,0.311329,3.247349
0.606605,0.371031,3.255772
0.610809,0.432903,3.278334
0.610992,0.492353,3.279314
0.626541,0.565711,3.362769
0.626474,0.626474,3.362409
0.607315,0.666278,3.259583
0.662486,0.791124,3.555692
0.598694,-0.678520,3.152105
0.594395,-0.617038,3.129469
0.611092,-0.576172,3.217377
0.602228,-0.510460,3.170713
0.610729,-0.459501,3.215470
0.613660,-0.403262,3.230900
0.611488,-0.343598,3.219462
0.628179,-0.293150,3.307344
0.617629,-0.229405,3.251796
0.623238,-0.172132,3.281326
0.605782,-0.109618,3.189421
0.603658,-0.051742,3.178240
0.615180,0.005859,3.238904
0.620017,0.064954,3.264370
0.626191,0.125238,3.296877
0.623632,0.184120,3.283400
0.616451,0.240710,3.245596
0.599569,0.291219,3.156713
0.618222,0.359158,3.254918
0.615088,0.415917,3.238417
0.623109,0.480684,3.280648
0.639503,0.554236,3.366960
0.638630,0.614302,3.362368
0.625004,0.660719,3.290627
0.632499,0.728880,3.330086
0.608415,-0.688021,3.143413
0.604922,-0.627536,3.125362
0.622289,-0.587395,3.215094
0.632710,-0.538099,3.268933
0.614070,-0.464856,3.172626
0.621558,-0.412436,3.211315
0.614533,-0.350341,3.175022
0.636921,-0.303579,3.290686
0.629337,-0.241148,3.251505
0.639082,-0.185155,3.301853
0.609702,-0.119661,3.150062
0.615576,-0.063284,3.180408
0.615344,-0.005751,3.179212
0.606917,0.051049,3.135672
0.637773,0.113249,3.295090
0.629125,0.170511,3.250412
0.613181,0.223496,3.168032
0.610776,0.279701,3.155606
0.634489,0.349858,3.278121
0.626664,0.404110,3.237693
0.634876,0.468740,3.280121
0.651619,0.542001,3.366628
0.651285,0.602591,3.364900
0.637949,0.649874,3.296002
0.644601,0.716893,3.330368
0.631042,-0.712093,3.200492
0.625826,-0.648792,3.174037
0.643388,-0.607972,3.263108
0.636931,-0.543436,3.230358
0.624814,-0.475776,3.168907
0.635104,-0.425345,3.221094
0.642782,-0.371516,3.260036
0.636187,-0.309339,3.226586
0.642617,-0.253509,3.259197
0.643560,-0.194839,3.263978
0.641118,-0.135282,3.251594
0.638825,-0.076190,3.239966
0.626412,-0.017241,3.177008
0.638237,0.040988,3.236985
0.651450,0.101602,3.303997
0.633309,0.156875,3.211992
0.643277,0.218360,3.262545
0.626724,0.270239,3.178590
0.641037,0.335221,3.251182
0.633822,0.389597,3.214589
0.644868,0.455549,3.270612
0.670544,0.535205,3.400835
0.659578,0.586964,3.345220
0.655616,0.643586,3.325123
0.658423,0.706748,3.339364
0.633273,-0.713145,3.153934
0.636446,-0.659381,3.169740
0.648848,-0.613775,3.231503
0.647808,-0.554430,3.226325
0.632490,-0.484339,3.150034
0.658706,-0.445072,3.280602
0.651721,-0.381638,3.245812
0.647198,-0.320684,3.223287
0.637608,-0.258490,3.175529
0.640026,-0.201810,3.187569
0.655033,-0.147530,3.262308
0.635266,-0.085847,3.163861
0.651325,-0.029339,3.243843
0.645198,0.029063,3.213325
0.661930,0.089450,3.296661
0.642429,0.144691,3.199537
0.646502,0.203852,3.219821
0.646591,0.262132,3.220267
0.650247,0.322195,3.238474
0.644022,0.377130,3.207469
0.647808,0.437708,3.226326
0.681499,0.521869,3.394120
0.678910,0.581049,3.381223
0.667629,0.631541,3.325042
0.667880,0.691948,3.326292
0.643765,-0.723523,3.149443
0.650973,-0.674016,3.184707
0.649757,-0.615257,3.178759
0.655028,-0.562281,3.204547
0.639841,-0.492621,3.130248
0.669070,-0.455915,3.273242
0.649987,-0.385390,3.179881
0.655981,-0.330893,3.209208
0.652476,-0.271384,3.192062
0.652784,-0.213743,3.193567
0.666258,-0.159194,3.259485
0.662503,-0.099669,3.241113
0.662569,-0.041044,3.241438
0.655644,0.017406,3.207556
0.677292,0.077918,3.313463
0.659139,0.134161,3.224657
0.676682,0.197615,3.310480
0.675330,0.256984,3.303866
0.665558,0.312164,3.256058
0.655430,0.365417,3.206514
0.676599,0.437095,3.310077
0.674975,0.495778,3.302130
0.676593,0.556842,3.310048
0.681429,0.621126,3.333705
0.675607,0.675607,3.305224
0.698293,0.760088,3.416205
0.661023,-0.684016,3.177635
0.660735,-0.626262,3.176248
0.667047,-0.574240,3.206590
0.653676,-0.505888,3.142313
0.672721,-0.462130,3.233865
0.660746,-0.396448,3.176302
0.673369,-0.345468,3.236983
0.680631,-0.290008,3.271888
0.663707,-0.225083,3.190535
0.667392,-0.168299,3.208249
0.663608,-0.109640,3.190057
0.696898,-0.054540,3.350088
0.678712,0.005902,3.262668
0.682686,0.065300,3.281770
0.670046,0.122356,3.221007
0.685326,0.184740,3.294462
0.660938,0.235639,3.177223
0.685433,0.303975,3.294974
0.668484,0.354587,3.213500
0.669896,0.413588,3.220285
0.677373,0.477106,3.256231
0.680560,0.538530,3.271551
0.694724,0.610149,3.339638
0.696522,0.672295,3.348280
0.704852,0.741626,3.388323
0.673793,-0.696828,3.183651
0.671309,-0.636883,3.171916
0.664695,-0.573796,3.140663
0.669073,-0.520390,3.161350
0.671024,-0.464555,3.170568
0.671466,-0.407471,3.172657
0.681506,-0.355315,3.220097
0.692886,-0.302027,3.273865
0.674593,-0.236396,3.187433
0.674405,-0.178688,3.186542
0.680636,-0.122165,3.215984
0.710922,-0.066839,3.359086
0.699871,-0.005982,3.306872
0.686895,0.052838,3.245559
0.678447,0.110175,3.205644
0.674720,0.167238,3.188034
0.672114,0.224038,3.175718
0.697067,0.291934,3.293621
0.673275,0.339515,3.181206
0.680976,0.401601,3.217593
0.680741,0.459645,3.216480
0.712323,0.541852,3.365703
0.704123,0.595797,3.326962
0.699489,0.651661,3.305064
0.683367,0.695048,3.228888
0.684328,-0.707330,3.179085
0.685807,-0.651228,3.185957
0.672882,-0.582410,3.125911
0.676407,-0.528621,3.142291
0.674415,-0.470390,3.133034
0.677751,-0.415763,3.148530
0.689130,-0.364833,3.201392
0.696314,-0.310123,3.234767
0.687939,-0.248583,3.195862
0.685291,-0.190039,3.183561
0.685505,-0.132493,3.184554
0.698988,-0.076360,3.247191
0.711686,-0.017942,3.306179
0.704706,0.041453,3.273754
0.690384,0.098626,3.207219
0.683944,0.155181,3.177302
0.675957,0.210171,3.140197
0.703298,0.277773,3.267214
0.679546,0.325497,3.156870
0.692595,0.389948,3.217489
0.707097,0.457534,3.284863
0.729127,0.533059,3.387201
0.697084,0.568211,3.238343
0.701370,0.630643,3.258255
0.696369,0.684665,3.235023
0.711256,-0.734768,3.249566
0.694052,-0.659636,3.170965
0.698085,-0.605776,3.189391
0.697499,-0.547623,3.186714
0.687411,-0.482892,3.140625
0.697635,-0.432418,3.187336
0.698749,-0.375361,3.192428
0.704916,-0.320416,3.220602
0.698984,-0.259953,3.193499
0.695164,-0.201080,3.176046
0.713610,-0.147440,3.260321
0.710141,-0.088034,3.244475
0.724261,-0.029928,3.308984
0.699793,0.028917,3.197194
0.712294,0.088301,3.254309
0.683102,0.141137,3.120938
0.694773,0.200967,3.174261
0.714790,0.265831,3.265714
0.688940,0.313154,3.147609
0.697777,0.374839,3.187985
0.732953,0.454310,3.348698
0.739678,0.519609,3.379422
0.720279,0.565508,3.290792
0.730227,0.633668,3.336242
0.747573,0.710503,3.415492
0.705261,-0.728196,3.169785
0.680762,-0.647554,3.059675
0.713924,-0.621056,3.208720
0.702015,-0.553622,3.155197
0.710858,-0.502802,3.194942
0.708306,-0.443411,3.183470
0.708293,-0.385818,3.183410
0.705888,-0.327119,3.172602
0.709600,-0.271148,3.189284
0.713897,-0.214750,3.208600
0.731291,-0.160527,3.286776
0.715693,-0.098917,3.216672
0.724908,-0.041255,3.258088
0.720579,0.017575,3.238630
0.724773,0.076602,3.257478
0.702512,0.131364,3.157430
0.715994,0.192096,3.218025
0.726253,0.253893,3.264134
0.700230,0.301725,3.147175
0.701943,0.359532,3.154871
0.744849,0.442065,3.347712
0.736581,0.497043,3.310553
0.740693,0.560036,3.329034
0.742216,0.621531,3.335880
0.756773,0.695247,3.401306
0.746532,0.746532,3.355276
0.697156,-0.663692,3.083222
0.736021,-0.641811,3.255108
0.733557,-0.580977,3.244206
0.742829,-0.528894,3.285217
0.727534,-0.459801,3.217571
0.734395,-0.405386,3.247914
0.726402,-0.342862,3.212564
0.724394,-0.283963,3.203686
0.721755,-0.225188,3.192014
0.740060,-0.171694,3.272970
0.723661,-0.109996,3.200443
0.738512,-0.053173,3.266124
0.738604,0.005909,3.266531
0.745128,0.065571,3.295384
0.750004,0.126001,3.316946
0.723390,0.179401,3.199245
0.745542,0.244538,3.297211
0.738248,0.301205,3.264954
0.730149,0.356313,3.229135
0.724262,0.411381,3.203103
0.739971,0.479501,3.272576
0.754385,0.549192,3.336323
0.749414,0.605526,3.314337
0.746038,0.662482,3.299406
0.740692,0.716990,3.275765
0.707274,-0.673859,3.078709
0.735877,-0.643168,3.203219
0.744278,-0.591906,3.239786
0.749273,-0.536881,3.261531
0.737637,-0.470462,3.210881
0.747690,-0.418000,3.254640
0.751039,-0.360735,3.269218
0.746822,-0.299905,3.250863
0.723350,-0.233522,3.148687
0.735004,-0.179410,3.199419
0.734573,-0.121465,3.197541
0.747235,-0.064721,3.252658
0.731180,-0.005757,3.182773
0.756504,0.053611,3.293007
0.743474,0.111228,3.236285
0.729614,0.166605,3.175954
0.741729,0.227775,3.228693
0.720912,0.278147,3.138077
0.766404,0.356046,3.336098
0.743941,0.404188,3.238320
0.749164,0.466015,3.261053
0.770946,0.540269,3.355869
0.695859,0.542441,3.029023
0.757902,0.650483,3.299090
0.724229,0.678609,3.152517
